[run number],1,1,1,1,1,1,1,1,1,1,1,1,1,1,1,1,1,1,1,1,1,1,1,1,1,1,1,1,1,1,1,1,1,1,1,1,1,1,1,1,1,1,1,1,1,1,1,1,1,1,1,1,1,1,1,1,1,1,1,1,1,1,1,1,1,1,1,1,1,1,1,1,1,1,1,1,1,1,1,1,1,2,2,2,2,2,2,2,2,2,2,2,2,2,2,2,2,2,2,2,2,2,2,2,2,2,2,2,2,2,2,2,2,2,2,2,2,2,2,2,2,2,2,2,2,2,2,2,2,2,2,2,2,2,2,2,2,2,2,2,2,2,2,2,2,2,2,2,2,2,2,2,2,2,2,2,2,2,2,2,2,2,3,3,3,3,3,3,3,3,3,3,3,3,3,3,3,3,3,3,3,3,3,3,3,3,3,3,3,3,3,3,3,3,3,3,3,3,3,3,3,3,3,3,3,3,3,3,3,3,3,3,3,3,3,3,3,3,3,3,3,3,3,3,3,3,3,3,3,3,3,3,3,3,3,3,3,3,3,3,3,3,3,4,4,4,4,4,4,4,4,4,4,4,4,4,4,4,4,4,4,4,4,4,4,4,4,4,4,4,4,4,4,4,4,4,4,4,4,4,4,4,4,4,4,4,4,4,4,4,4,4,4,4,4,4,4,4,4,4,4,4,4,4,4,4,4,4,4,4,4,4,4,4,4,4,4,4,4,4,4,4,4,4,5,5,5,5,5,5,5,5,5,5,5,5,5,5,5,5,5,5,5,5,5,5,5,5,5,5,5,5,5,5,5,5,5,5,5,5,5,5,5,5,5,5,5,5,5,5,5,5,5,5,5,5,5,5,5,5,5,5,5,5,5,5,5,5,5,5,5,5,5,5,5,5,5,5,5,5,5,5,5,5,5,6,6,6,6,6,6,6,6,6,6,6,6,6,6,6,6,6,6,6,6,6,6,6,6,6,6,6,6,6,6,6,6,6,6,6,6,6,6,6,6,6,6,6,6,6,6,6,6,6,6,6,6,6,6,6,6,6,6,6,6,6,6,6,6,6,6,6,6,6,6,6,6,6,6,6,6,6,6,6,6,6,7,7,7,7,7,7,7,7,7,7,7,7,7,7,7,7,7,7,7,7,7,7,7,7,7,7,7,7,7,7,7,7,7,7,7,7,7,7,7,7,7,7,7,7,7,7,7,7,7,7,7,7,7,7,7,7,7,7,7,7,7,7,7,7,7,7,7,7,7,7,7,7,7,7,7,7,7,7,7,7,7,8,8,8,8,8,8,8,8,8,8,8,8,8,8,8,8,8,8,8,8,8,8,8,8,8,8,8,8,8,8,8,8,8,8,8,8,8,8,8,8,8,8,8,8,8,8,8,8,8,8,8,8,8,8,8,8,8,8,8,8,8,8,8,8,8,8,8,8,8,8,8,8,8,8,8,8,8,8,8,8,8,9,9,9,9,9,9,9,9,9,9,9,9,9,9,9,9,9,9,9,9,9,9,9,9,9,9,9,9,9,9,9,9,9,9,9,9,9,9,9,9,9,9,9,9,9,9,9,9,9,9,9,9,9,9,9,9,9,9,9,9,9,9,9,9,9,9,9,9,9,9,9,9,9,9,9,9,9,9,9,9,9,10,10,10,10,10,10,10,10,10,10,10,10,10,10,10,10,10,10,10,10,10,10,10,10,10,10,10,10,10,10,10,10,10,10,10,10,10,10,10,10,10,10,10,10,10,10,10,10,10,10,10,10,10,10,10,10,10,10,10,10,10,10,10,10,10,10,10,10,10,10,10,10,10,10,10,10,10,10,10,10,10
[reporter],total-failed-buy,total-successfully-buy,competition-lost-d,total-failed-sell,total-successfully-sell,competition-lost-s,total-suc-buy-5-1,total-suc-buy-5-2,total-suc-buy-5-3,total-suc-buy-5-4,total-suc-buy-5-5,total-suc-buy-20-1,total-suc-buy-20-2,total-suc-buy-20-3,total-suc-buy-20-4,total-suc-buy-20-5,total-suc-buy-50-1,total-suc-buy-50-2,total-suc-buy-50-3,total-suc-buy-50-4,total-suc-buy-50-5,total-suc-buy-100-1,total-suc-buy-100-2,total-suc-buy-100-3,total-suc-buy-100-4,total-suc-buy-100-5,total-suc-buy-500-1,total-suc-buy-500-2,total-suc-buy-500-3,total-suc-buy-500-4,total-suc-buy-500-5,total-fail-buy-5-1,total-fail-buy-5-2,total-fail-buy-5-3,total-fail-buy-5-4,total-fail-buy-5-5,total-fail-buy-20-1,total-fail-buy-20-2,total-fail-buy-20-3,total-fail-buy-20-4,total-fail-buy-20-5,total-fail-buy-50-1,total-fail-buy-50-2,total-fail-buy-50-3,total-fail-buy-50-4,total-fail-buy-50-5,total-fail-buy-100-1,total-fail-buy-100-2,total-fail-buy-100-3,total-fail-buy-100-4,total-fail-buy-100-5,total-fail-buy-500-1,total-fail-buy-500-2,total-fail-buy-500-3,total-fail-buy-500-4,total-fail-buy-500-5,total-fail-sell-5-1,total-fail-sell-5-2,total-fail-sell-5-3,total-fail-sell-5-4,total-fail-sell-5-5,total-fail-sell-20-1,total-fail-sell-20-2,total-fail-sell-20-3,total-fail-sell-20-4,total-fail-sell-20-5,total-fail-sell-50-1,total-fail-sell-50-2,total-fail-sell-50-3,total-fail-sell-50-4,total-fail-sell-50-5,total-fail-sell-100-1,total-fail-sell-100-2,total-fail-sell-100-3,total-fail-sell-100-4,total-fail-sell-100-5,total-fail-sell-500-1,total-fail-sell-500-2,total-fail-sell-500-3,total-fail-sell-500-4,total-fail-sell-500-5,total-failed-buy,total-successfully-buy,competition-lost-d,total-failed-sell,total-successfully-sell,competition-lost-s,total-suc-buy-5-1,total-suc-buy-5-2,total-suc-buy-5-3,total-suc-buy-5-4,total-suc-buy-5-5,total-suc-buy-20-1,total-suc-buy-20-2,total-suc-buy-20-3,total-suc-buy-20-4,total-suc-buy-20-5,total-suc-buy-50-1,total-suc-buy-50-2,total-suc-buy-50-3,total-suc-buy-50-4,total-suc-buy-50-5,total-suc-buy-100-1,total-suc-buy-100-2,total-suc-buy-100-3,total-suc-buy-100-4,total-suc-buy-100-5,total-suc-buy-500-1,total-suc-buy-500-2,total-suc-buy-500-3,total-suc-buy-500-4,total-suc-buy-500-5,total-fail-buy-5-1,total-fail-buy-5-2,total-fail-buy-5-3,total-fail-buy-5-4,total-fail-buy-5-5,total-fail-buy-20-1,total-fail-buy-20-2,total-fail-buy-20-3,total-fail-buy-20-4,total-fail-buy-20-5,total-fail-buy-50-1,total-fail-buy-50-2,total-fail-buy-50-3,total-fail-buy-50-4,total-fail-buy-50-5,total-fail-buy-100-1,total-fail-buy-100-2,total-fail-buy-100-3,total-fail-buy-100-4,total-fail-buy-100-5,total-fail-buy-500-1,total-fail-buy-500-2,total-fail-buy-500-3,total-fail-buy-500-4,total-fail-buy-500-5,total-fail-sell-5-1,total-fail-sell-5-2,total-fail-sell-5-3,total-fail-sell-5-4,total-fail-sell-5-5,total-fail-sell-20-1,total-fail-sell-20-2,total-fail-sell-20-3,total-fail-sell-20-4,total-fail-sell-20-5,total-fail-sell-50-1,total-fail-sell-50-2,total-fail-sell-50-3,total-fail-sell-50-4,total-fail-sell-50-5,total-fail-sell-100-1,total-fail-sell-100-2,total-fail-sell-100-3,total-fail-sell-100-4,total-fail-sell-100-5,total-fail-sell-500-1,total-fail-sell-500-2,total-fail-sell-500-3,total-fail-sell-500-4,total-fail-sell-500-5,total-failed-buy,total-successfully-buy,competition-lost-d,total-failed-sell,total-successfully-sell,competition-lost-s,total-suc-buy-5-1,total-suc-buy-5-2,total-suc-buy-5-3,total-suc-buy-5-4,total-suc-buy-5-5,total-suc-buy-20-1,total-suc-buy-20-2,total-suc-buy-20-3,total-suc-buy-20-4,total-suc-buy-20-5,total-suc-buy-50-1,total-suc-buy-50-2,total-suc-buy-50-3,total-suc-buy-50-4,total-suc-buy-50-5,total-suc-buy-100-1,total-suc-buy-100-2,total-suc-buy-100-3,total-suc-buy-100-4,total-suc-buy-100-5,total-suc-buy-500-1,total-suc-buy-500-2,total-suc-buy-500-3,total-suc-buy-500-4,total-suc-buy-500-5,total-fail-buy-5-1,total-fail-buy-5-2,total-fail-buy-5-3,total-fail-buy-5-4,total-fail-buy-5-5,total-fail-buy-20-1,total-fail-buy-20-2,total-fail-buy-20-3,total-fail-buy-20-4,total-fail-buy-20-5,total-fail-buy-50-1,total-fail-buy-50-2,total-fail-buy-50-3,total-fail-buy-50-4,total-fail-buy-50-5,total-fail-buy-100-1,total-fail-buy-100-2,total-fail-buy-100-3,total-fail-buy-100-4,total-fail-buy-100-5,total-fail-buy-500-1,total-fail-buy-500-2,total-fail-buy-500-3,total-fail-buy-500-4,total-fail-buy-500-5,total-fail-sell-5-1,total-fail-sell-5-2,total-fail-sell-5-3,total-fail-sell-5-4,total-fail-sell-5-5,total-fail-sell-20-1,total-fail-sell-20-2,total-fail-sell-20-3,total-fail-sell-20-4,total-fail-sell-20-5,total-fail-sell-50-1,total-fail-sell-50-2,total-fail-sell-50-3,total-fail-sell-50-4,total-fail-sell-50-5,total-fail-sell-100-1,total-fail-sell-100-2,total-fail-sell-100-3,total-fail-sell-100-4,total-fail-sell-100-5,total-fail-sell-500-1,total-fail-sell-500-2,total-fail-sell-500-3,total-fail-sell-500-4,total-fail-sell-500-5,total-failed-buy,total-successfully-buy,competition-lost-d,total-failed-sell,total-successfully-sell,competition-lost-s,total-suc-buy-5-1,total-suc-buy-5-2,total-suc-buy-5-3,total-suc-buy-5-4,total-suc-buy-5-5,total-suc-buy-20-1,total-suc-buy-20-2,total-suc-buy-20-3,total-suc-buy-20-4,total-suc-buy-20-5,total-suc-buy-50-1,total-suc-buy-50-2,total-suc-buy-50-3,total-suc-buy-50-4,total-suc-buy-50-5,total-suc-buy-100-1,total-suc-buy-100-2,total-suc-buy-100-3,total-suc-buy-100-4,total-suc-buy-100-5,total-suc-buy-500-1,total-suc-buy-500-2,total-suc-buy-500-3,total-suc-buy-500-4,total-suc-buy-500-5,total-fail-buy-5-1,total-fail-buy-5-2,total-fail-buy-5-3,total-fail-buy-5-4,total-fail-buy-5-5,total-fail-buy-20-1,total-fail-buy-20-2,total-fail-buy-20-3,total-fail-buy-20-4,total-fail-buy-20-5,total-fail-buy-50-1,total-fail-buy-50-2,total-fail-buy-50-3,total-fail-buy-50-4,total-fail-buy-50-5,total-fail-buy-100-1,total-fail-buy-100-2,total-fail-buy-100-3,total-fail-buy-100-4,total-fail-buy-100-5,total-fail-buy-500-1,total-fail-buy-500-2,total-fail-buy-500-3,total-fail-buy-500-4,total-fail-buy-500-5,total-fail-sell-5-1,total-fail-sell-5-2,total-fail-sell-5-3,total-fail-sell-5-4,total-fail-sell-5-5,total-fail-sell-20-1,total-fail-sell-20-2,total-fail-sell-20-3,total-fail-sell-20-4,total-fail-sell-20-5,total-fail-sell-50-1,total-fail-sell-50-2,total-fail-sell-50-3,total-fail-sell-50-4,total-fail-sell-50-5,total-fail-sell-100-1,total-fail-sell-100-2,total-fail-sell-100-3,total-fail-sell-100-4,total-fail-sell-100-5,total-fail-sell-500-1,total-fail-sell-500-2,total-fail-sell-500-3,total-fail-sell-500-4,total-fail-sell-500-5,total-failed-buy,total-successfully-buy,competition-lost-d,total-failed-sell,total-successfully-sell,competition-lost-s,total-suc-buy-5-1,total-suc-buy-5-2,total-suc-buy-5-3,total-suc-buy-5-4,total-suc-buy-5-5,total-suc-buy-20-1,total-suc-buy-20-2,total-suc-buy-20-3,total-suc-buy-20-4,total-suc-buy-20-5,total-suc-buy-50-1,total-suc-buy-50-2,total-suc-buy-50-3,total-suc-buy-50-4,total-suc-buy-50-5,total-suc-buy-100-1,total-suc-buy-100-2,total-suc-buy-100-3,total-suc-buy-100-4,total-suc-buy-100-5,total-suc-buy-500-1,total-suc-buy-500-2,total-suc-buy-500-3,total-suc-buy-500-4,total-suc-buy-500-5,total-fail-buy-5-1,total-fail-buy-5-2,total-fail-buy-5-3,total-fail-buy-5-4,total-fail-buy-5-5,total-fail-buy-20-1,total-fail-buy-20-2,total-fail-buy-20-3,total-fail-buy-20-4,total-fail-buy-20-5,total-fail-buy-50-1,total-fail-buy-50-2,total-fail-buy-50-3,total-fail-buy-50-4,total-fail-buy-50-5,total-fail-buy-100-1,total-fail-buy-100-2,total-fail-buy-100-3,total-fail-buy-100-4,total-fail-buy-100-5,total-fail-buy-500-1,total-fail-buy-500-2,total-fail-buy-500-3,total-fail-buy-500-4,total-fail-buy-500-5,total-fail-sell-5-1,total-fail-sell-5-2,total-fail-sell-5-3,total-fail-sell-5-4,total-fail-sell-5-5,total-fail-sell-20-1,total-fail-sell-20-2,total-fail-sell-20-3,total-fail-sell-20-4,total-fail-sell-20-5,total-fail-sell-50-1,total-fail-sell-50-2,total-fail-sell-50-3,total-fail-sell-50-4,total-fail-sell-50-5,total-fail-sell-100-1,total-fail-sell-100-2,total-fail-sell-100-3,total-fail-sell-100-4,total-fail-sell-100-5,total-fail-sell-500-1,total-fail-sell-500-2,total-fail-sell-500-3,total-fail-sell-500-4,total-fail-sell-500-5,total-failed-buy,total-successfully-buy,competition-lost-d,total-failed-sell,total-successfully-sell,competition-lost-s,total-suc-buy-5-1,total-suc-buy-5-2,total-suc-buy-5-3,total-suc-buy-5-4,total-suc-buy-5-5,total-suc-buy-20-1,total-suc-buy-20-2,total-suc-buy-20-3,total-suc-buy-20-4,total-suc-buy-20-5,total-suc-buy-50-1,total-suc-buy-50-2,total-suc-buy-50-3,total-suc-buy-50-4,total-suc-buy-50-5,total-suc-buy-100-1,total-suc-buy-100-2,total-suc-buy-100-3,total-suc-buy-100-4,total-suc-buy-100-5,total-suc-buy-500-1,total-suc-buy-500-2,total-suc-buy-500-3,total-suc-buy-500-4,total-suc-buy-500-5,total-fail-buy-5-1,total-fail-buy-5-2,total-fail-buy-5-3,total-fail-buy-5-4,total-fail-buy-5-5,total-fail-buy-20-1,total-fail-buy-20-2,total-fail-buy-20-3,total-fail-buy-20-4,total-fail-buy-20-5,total-fail-buy-50-1,total-fail-buy-50-2,total-fail-buy-50-3,total-fail-buy-50-4,total-fail-buy-50-5,total-fail-buy-100-1,total-fail-buy-100-2,total-fail-buy-100-3,total-fail-buy-100-4,total-fail-buy-100-5,total-fail-buy-500-1,total-fail-buy-500-2,total-fail-buy-500-3,total-fail-buy-500-4,total-fail-buy-500-5,total-fail-sell-5-1,total-fail-sell-5-2,total-fail-sell-5-3,total-fail-sell-5-4,total-fail-sell-5-5,total-fail-sell-20-1,total-fail-sell-20-2,total-fail-sell-20-3,total-fail-sell-20-4,total-fail-sell-20-5,total-fail-sell-50-1,total-fail-sell-50-2,total-fail-sell-50-3,total-fail-sell-50-4,total-fail-sell-50-5,total-fail-sell-100-1,total-fail-sell-100-2,total-fail-sell-100-3,total-fail-sell-100-4,total-fail-sell-100-5,total-fail-sell-500-1,total-fail-sell-500-2,total-fail-sell-500-3,total-fail-sell-500-4,total-fail-sell-500-5,total-failed-buy,total-successfully-buy,competition-lost-d,total-failed-sell,total-successfully-sell,competition-lost-s,total-suc-buy-5-1,total-suc-buy-5-2,total-suc-buy-5-3,total-suc-buy-5-4,total-suc-buy-5-5,total-suc-buy-20-1,total-suc-buy-20-2,total-suc-buy-20-3,total-suc-buy-20-4,total-suc-buy-20-5,total-suc-buy-50-1,total-suc-buy-50-2,total-suc-buy-50-3,total-suc-buy-50-4,total-suc-buy-50-5,total-suc-buy-100-1,total-suc-buy-100-2,total-suc-buy-100-3,total-suc-buy-100-4,total-suc-buy-100-5,total-suc-buy-500-1,total-suc-buy-500-2,total-suc-buy-500-3,total-suc-buy-500-4,total-suc-buy-500-5,total-fail-buy-5-1,total-fail-buy-5-2,total-fail-buy-5-3,total-fail-buy-5-4,total-fail-buy-5-5,total-fail-buy-20-1,total-fail-buy-20-2,total-fail-buy-20-3,total-fail-buy-20-4,total-fail-buy-20-5,total-fail-buy-50-1,total-fail-buy-50-2,total-fail-buy-50-3,total-fail-buy-50-4,total-fail-buy-50-5,total-fail-buy-100-1,total-fail-buy-100-2,total-fail-buy-100-3,total-fail-buy-100-4,total-fail-buy-100-5,total-fail-buy-500-1,total-fail-buy-500-2,total-fail-buy-500-3,total-fail-buy-500-4,total-fail-buy-500-5,total-fail-sell-5-1,total-fail-sell-5-2,total-fail-sell-5-3,total-fail-sell-5-4,total-fail-sell-5-5,total-fail-sell-20-1,total-fail-sell-20-2,total-fail-sell-20-3,total-fail-sell-20-4,total-fail-sell-20-5,total-fail-sell-50-1,total-fail-sell-50-2,total-fail-sell-50-3,total-fail-sell-50-4,total-fail-sell-50-5,total-fail-sell-100-1,total-fail-sell-100-2,total-fail-sell-100-3,total-fail-sell-100-4,total-fail-sell-100-5,total-fail-sell-500-1,total-fail-sell-500-2,total-fail-sell-500-3,total-fail-sell-500-4,total-fail-sell-500-5,total-failed-buy,total-successfully-buy,competition-lost-d,total-failed-sell,total-successfully-sell,competition-lost-s,total-suc-buy-5-1,total-suc-buy-5-2,total-suc-buy-5-3,total-suc-buy-5-4,total-suc-buy-5-5,total-suc-buy-20-1,total-suc-buy-20-2,total-suc-buy-20-3,total-suc-buy-20-4,total-suc-buy-20-5,total-suc-buy-50-1,total-suc-buy-50-2,total-suc-buy-50-3,total-suc-buy-50-4,total-suc-buy-50-5,total-suc-buy-100-1,total-suc-buy-100-2,total-suc-buy-100-3,total-suc-buy-100-4,total-suc-buy-100-5,total-suc-buy-500-1,total-suc-buy-500-2,total-suc-buy-500-3,total-suc-buy-500-4,total-suc-buy-500-5,total-fail-buy-5-1,total-fail-buy-5-2,total-fail-buy-5-3,total-fail-buy-5-4,total-fail-buy-5-5,total-fail-buy-20-1,total-fail-buy-20-2,total-fail-buy-20-3,total-fail-buy-20-4,total-fail-buy-20-5,total-fail-buy-50-1,total-fail-buy-50-2,total-fail-buy-50-3,total-fail-buy-50-4,total-fail-buy-50-5,total-fail-buy-100-1,total-fail-buy-100-2,total-fail-buy-100-3,total-fail-buy-100-4,total-fail-buy-100-5,total-fail-buy-500-1,total-fail-buy-500-2,total-fail-buy-500-3,total-fail-buy-500-4,total-fail-buy-500-5,total-fail-sell-5-1,total-fail-sell-5-2,total-fail-sell-5-3,total-fail-sell-5-4,total-fail-sell-5-5,total-fail-sell-20-1,total-fail-sell-20-2,total-fail-sell-20-3,total-fail-sell-20-4,total-fail-sell-20-5,total-fail-sell-50-1,total-fail-sell-50-2,total-fail-sell-50-3,total-fail-sell-50-4,total-fail-sell-50-5,total-fail-sell-100-1,total-fail-sell-100-2,total-fail-sell-100-3,total-fail-sell-100-4,total-fail-sell-100-5,total-fail-sell-500-1,total-fail-sell-500-2,total-fail-sell-500-3,total-fail-sell-500-4,total-fail-sell-500-5,total-failed-buy,total-successfully-buy,competition-lost-d,total-failed-sell,total-successfully-sell,competition-lost-s,total-suc-buy-5-1,total-suc-buy-5-2,total-suc-buy-5-3,total-suc-buy-5-4,total-suc-buy-5-5,total-suc-buy-20-1,total-suc-buy-20-2,total-suc-buy-20-3,total-suc-buy-20-4,total-suc-buy-20-5,total-suc-buy-50-1,total-suc-buy-50-2,total-suc-buy-50-3,total-suc-buy-50-4,total-suc-buy-50-5,total-suc-buy-100-1,total-suc-buy-100-2,total-suc-buy-100-3,total-suc-buy-100-4,total-suc-buy-100-5,total-suc-buy-500-1,total-suc-buy-500-2,total-suc-buy-500-3,total-suc-buy-500-4,total-suc-buy-500-5,total-fail-buy-5-1,total-fail-buy-5-2,total-fail-buy-5-3,total-fail-buy-5-4,total-fail-buy-5-5,total-fail-buy-20-1,total-fail-buy-20-2,total-fail-buy-20-3,total-fail-buy-20-4,total-fail-buy-20-5,total-fail-buy-50-1,total-fail-buy-50-2,total-fail-buy-50-3,total-fail-buy-50-4,total-fail-buy-50-5,total-fail-buy-100-1,total-fail-buy-100-2,total-fail-buy-100-3,total-fail-buy-100-4,total-fail-buy-100-5,total-fail-buy-500-1,total-fail-buy-500-2,total-fail-buy-500-3,total-fail-buy-500-4,total-fail-buy-500-5,total-fail-sell-5-1,total-fail-sell-5-2,total-fail-sell-5-3,total-fail-sell-5-4,total-fail-sell-5-5,total-fail-sell-20-1,total-fail-sell-20-2,total-fail-sell-20-3,total-fail-sell-20-4,total-fail-sell-20-5,total-fail-sell-50-1,total-fail-sell-50-2,total-fail-sell-50-3,total-fail-sell-50-4,total-fail-sell-50-5,total-fail-sell-100-1,total-fail-sell-100-2,total-fail-sell-100-3,total-fail-sell-100-4,total-fail-sell-100-5,total-fail-sell-500-1,total-fail-sell-500-2,total-fail-sell-500-3,total-fail-sell-500-4,total-fail-sell-500-5,total-failed-buy,total-successfully-buy,competition-lost-d,total-failed-sell,total-successfully-sell,competition-lost-s,total-suc-buy-5-1,total-suc-buy-5-2,total-suc-buy-5-3,total-suc-buy-5-4,total-suc-buy-5-5,total-suc-buy-20-1,total-suc-buy-20-2,total-suc-buy-20-3,total-suc-buy-20-4,total-suc-buy-20-5,total-suc-buy-50-1,total-suc-buy-50-2,total-suc-buy-50-3,total-suc-buy-50-4,total-suc-buy-50-5,total-suc-buy-100-1,total-suc-buy-100-2,total-suc-buy-100-3,total-suc-buy-100-4,total-suc-buy-100-5,total-suc-buy-500-1,total-suc-buy-500-2,total-suc-buy-500-3,total-suc-buy-500-4,total-suc-buy-500-5,total-fail-buy-5-1,total-fail-buy-5-2,total-fail-buy-5-3,total-fail-buy-5-4,total-fail-buy-5-5,total-fail-buy-20-1,total-fail-buy-20-2,total-fail-buy-20-3,total-fail-buy-20-4,total-fail-buy-20-5,total-fail-buy-50-1,total-fail-buy-50-2,total-fail-buy-50-3,total-fail-buy-50-4,total-fail-buy-50-5,total-fail-buy-100-1,total-fail-buy-100-2,total-fail-buy-100-3,total-fail-buy-100-4,total-fail-buy-100-5,total-fail-buy-500-1,total-fail-buy-500-2,total-fail-buy-500-3,total-fail-buy-500-4,total-fail-buy-500-5,total-fail-sell-5-1,total-fail-sell-5-2,total-fail-sell-5-3,total-fail-sell-5-4,total-fail-sell-5-5,total-fail-sell-20-1,total-fail-sell-20-2,total-fail-sell-20-3,total-fail-sell-20-4,total-fail-sell-20-5,total-fail-sell-50-1,total-fail-sell-50-2,total-fail-sell-50-3,total-fail-sell-50-4,total-fail-sell-50-5,total-fail-sell-100-1,total-fail-sell-100-2,total-fail-sell-100-3,total-fail-sell-100-4,total-fail-sell-100-5,total-fail-sell-500-1,total-fail-sell-500-2,total-fail-sell-500-3,total-fail-sell-500-4,total-fail-sell-500-5
[final],55994,73492,6905,100624,73492,6905,2938,2507,2419,328,221,3550,3227,3003,1855,1283,3730,3559,3502,2920,2541,3733,3799,3680,3301,3129,3827,3693,3748,3498,3501,2070,2674,2860,4610,4709,1642,1967,2122,3294,3804,1550,1641,1804,2376,2481,1409,1616,1654,1840,2122,1359,1487,1486,1700,1717,4114,4343,4621,6494,6851,3240,3744,3869,4996,5625,3218,3461,3573,4137,4336,3400,3176,3333,3584,3778,3207,3115,3336,3561,3512,55318,73984,6790,100449,73984,6790,3093,2602,2403,344,237,3682,3288,3155,1873,1262,3848,3455,3439,2894,2577,3846,3834,3557,3280,3087,3855,3756,3711,3472,3434,2045,2607,2713,4576,4770,1664,1950,2133,3127,3689,1437,1679,1740,2346,2590,1429,1517,1581,1918,2100,1398,1408,1492,1740,1669,3910,4413,4616,6555,6646,3188,3798,3848,5094,5655,3211,3364,3531,4112,4535,3109,3208,3479,3706,3798,3177,3080,3438,3569,3409,55226,74058,6845,100242,74058,6845,3100,2587,2345,364,242,3637,3329,2993,1873,1258,3745,3581,3461,2851,2628,3766,3721,3565,3278,3131,3861,3804,3732,3595,3611,2020,2587,2697,4694,4599,1621,1933,2077,3267,3709,1543,1624,1830,2184,2502,1345,1509,1584,1932,2072,1421,1461,1520,1740,1755,3864,4445,4683,6566,6751,3413,3573,3949,5061,5628,3308,3310,3449,4167,4438,3126,3265,3313,3736,3895,3143,3159,3136,3371,3493,55707,73728,6876,99902,73728,6876,3160,2552,2341,351,220,3516,3170,2954,1856,1262,3798,3503,3476,2936,2603,3858,3699,3682,3313,3114,3795,3743,3793,3516,3517,2074,2537,2788,4614,4618,1739,1954,2149,3110,3784,1472,1623,1709,2366,2498,1386,1554,1649,1913,2167,1391,1513,1585,1733,1781,3904,4261,4476,6757,6507,3328,3771,3959,4969,5685,3081,3430,3664,4007,4368,3145,3228,3325,3866,3782,3155,3347,2964,3300,3623,55456,73997,6795,100401,73997,6795,3127,2504,2328,316,200,3649,3337,2952,1827,1272,3744,3654,3443,2890,2593,3874,3622,3695,3180,3136,3918,3802,3751,3623,3560,2072,2577,2775,4581,4635,1590,1912,2246,3235,3872,1468,1563,1788,2206,2606,1419,1589,1632,1911,2062,1393,1414,1487,1733,1690,3983,4507,4537,6666,6772,3282,3721,3900,5211,5818,3266,3432,3468,3968,4339,3148,3189,3279,3760,3855,3054,3096,3282,3363,3505,55367,73897,6937,100382,73897,6937,3126,2474,2382,354,239,3569,3338,3038,1877,1302,3844,3592,3375,2877,2588,3923,3686,3653,3269,3022,3806,3808,3732,3454,3569,2146,2413,2763,4600,4624,1622,1899,2203,3210,3683,1429,1689,1781,2204,2608,1408,1586,1618,1962,2111,1499,1512,1501,1592,1704,3771,4477,4613,6706,6715,3300,3755,3978,5039,5665,3139,3369,3577,4067,4382,3168,3377,3285,3731,3979,3080,3178,3109,3558,3364,55079,74205,6922,100032,74205,6922,3186,2501,2435,358,241,3613,3376,3020,1895,1244,3798,3631,3437,2900,2477,3792,3697,3769,3249,3110,3833,3799,3818,3452,3574,2056,2645,2670,4551,4753,1659,1879,2156,3051,3691,1504,1574,1739,2267,2517,1449,1526,1612,1979,2144,1375,1404,1526,1658,1694,3785,4464,4590,6536,6829,3318,3562,3885,5007,5548,3026,3427,3639,4098,4486,3136,3332,3427,3709,3914,3303,3178,3079,3357,3397,55562,73675,6783,100963,73675,6783,3146,2417,2322,322,250,3566,3325,3070,1804,1260,3716,3617,3418,2956,2557,3744,3736,3661,3173,3063,3938,3775,3775,3534,3530,2092,2580,2828,4480,4754,1670,1927,2256,3195,3713,1577,1671,1775,2269,2589,1418,1522,1650,1912,2111,1320,1439,1480,1639,1695,3789,4444,4540,6732,6686,3349,3580,3891,5164,5746,3146,3364,3576,4142,4437,3262,3337,3450,3902,3801,3109,3261,3303,3616,3336,55009,73988,6867,100532,73988,6867,3085,2535,2436,350,238,3598,3326,3025,1871,1257,3790,3522,3487,2914,2517,3739,3703,3641,3263,3111,3896,3840,3756,3625,3463,2056,2461,2869,4610,4680,1617,1909,2091,3150,3571,1501,1658,1694,2320,2570,1390,1533,1568,1878,2088,1392,1468,1461,1772,1702,3830,4354,4591,6609,6688,3474,3704,3985,5111,5786,3197,3345,3587,4058,4485,3155,3306,3376,3698,4016,3022,3108,3272,3391,3384,54898,74275,6910,99913,74275,6910,3173,2607,2352,362,221,3648,3282,3115,1903,1259,3726,3544,3436,2916,2651,3880,3734,3577,3286,3145,3862,3783,3805,3542,3466,2016,2548,2674,4450,4589,1623,1891,2112,3189,3738,1472,1703,1662,2235,2588,1405,1514,1674,1923,2027,1482,1459,1512,1707,1705,3873,4260,4635,6693,6788,3194,3709,3801,5118,5715,3312,3372,3615,4077,4373,3077,3200,3251,3617,3924,3020,3216,3160,3387,3526
,,,,,,,,,,,,,,,,,,,,,,,,,,,,,,,,,,,,,,,,,,,,,,,,,,,,,,,,,,,,,,,,,,,,,,,,,,,,,,,,,,,,,,,,,,,,,,,,,,,,,,,,,,,,,,,,,,,,,,,,,,,,,,,,,,,,,,,,,,,,,,,,,,,,,,,,,,,,,,,,,,,,,,,,,,,,,,,,,,,,,,,,,,,,,,,,,,,,,,,,,,,,,,,,,,,,,,,,,,,,,,,,,,,,,,,,,,,,,,,,,,,,,,,,,,,,,,,,,,,,,,,,,,,,,,,,,,,,,,,,,,,,,,,,,,,,,,,,,,,,,,,,,,,,,,,,,,,,,,,,,,,,,,,,,,,,,,,,,,,,,,,,,,,,,,,,,,,,,,,,,,,,,,,,,,,,,,,,,,,,,,,,,,,,,,,,,,,,,,,,,,,,,,,,,,,,,,,,,,,,,,,,,,,,,,,,,,,,,,,,,,,,,,,,,,,,,,,,,,,,,,,,,,,,,,,,,,,,,,,,,,,,,,,,,,,,,,,,,,,,,,,,,,,,,,,,,,,,,,,,,,,,,,,,,,,,,,,,,,,,,,,,,,,,,,,,,,,,,,,,,,,,,,,,,,,,,,,,,,,,,,,,,,,,,,,,,,,,,,,,,,,,,,,,,,,,,,,,,,,,,,,,,,,,,,,,,,,,,,,,,,,,,,,,,,,,,,,,,,,,,,,,,,,,,,,,,,,,,,,,,,,,,,,,,,,,,,,,,,,,,,,,,,,,,,,,,,,,,,,,,,,,,,,,,,,,,,,,,,,,,,,,,,,,,,,,,,,,,,,,,,,,,,,,,,,,,,,,,,,,,,,,,,,,,,,,,,,,,,,,,,,,,,,,,,
,,,,,,,,,,,,,,,,,,,,,,,,,,,,,,,,,,,,,,,,,,,,,,,,,,,,,,,,,,,,,,,,,,,,,,,,,,,,,,,,,,,,,,,,,,,,,,,,,,,,,,,,,,,,,,,,,,,,,,,,,,,,,,,,,,,,,,,,,,,,,,,,,,,,,,,,,,,,,,,,,,,,,,,,,,,,,,,,,,,,,,,,,,,,,,,,,,,,,,,,,,,,,,,,,,,,,,,,,,,,,,,,,,,,,,,,,,,,,,,,,,,,,,,,,,,,,,,,,,,,,,,,,,,,,,,,,,,,,,,,,,,,,,,,,,,,,,,,,,,,,,,,,,,,,,,,,,,,,,,,,,,,,,,,,,,,,,,,,,,,,,,,,,,,,,,,,,,,,,,,,,,,,,,,,,,,,,,,,,,,,,,,,,,,,,,,,,,,,,,,,,,,,,,,,,,,,,,,,,,,,,,,,,,,,,,,,,,,,,,,,,,,,,,,,,,,,,,,,,,,,,,,,,,,,,,,,,,,,,,,,,,,,,,,,,,,,,,,,,,,,,,,,,,,,,,,,,,,,,,,,,,,,,,,,,,,,,,,,,,,,,,,,,,,,,,,,,,,,,,,,,,,,,,,,,,,,,,,,,,,,,,,,,,,,,,,,,,,,,,,,,,,,,,,,,,,,,,,,,,,,,,,,,,,,,,,,,,,,,,,,,,,,,,,,,,,,,,,,,,,,,,,,,,,,,,,,,,,,,,,,,,,,,,,,,,,,,,,,,,,,,,,,,,,,,,,,,,,,,,,,,,,,,,,,,,,,,,,,,,,,,,,,,,,,,,,,,,,,,,,,,,,,,,,,,,,,,,,,,,,,,,,,,,,,,,,,,,,,,,,,,,,,,,,,,
,0.410540285,0.538833207,0.050626508,0.555869209,0.405986046,0.038144746,0.586661342,0.48388342,0.458230726,0.066423653,0.044827586,0.683744222,0.621293801,0.58595122,0.360264129,0.25221152,0.706439394,0.684423077,0.660007539,0.551359517,0.505973716,0.725982108,0.701569714,0.689913761,0.642092978,0.595886498,0.737948322,0.712934363,0.716087123,0.672951135,0.670946723,0.413338658,0.51611658,0.541769274,0.933576347,0.955172414,0.316255778,0.378706199,0.41404878,0.639735871,0.74778848,0.293560606,0.315576923,0.339992461,0.448640483,0.494026284,0.274017892,0.298430286,0.310086239,0.357907022,0.404113502,0.262051678,0.287065637,0.283912877,0.327048865,0.329053277,,,,,,,,,,,,,,,,,,,,,,,,,,0.406475032,0.543632249,0.04989272,0.554283949,0.408248401,0.03746765,0.601985208,0.499520061,0.469702893,0.069918699,0.047333733,0.688739244,0.627720504,0.596633888,0.3746,0.254898,0.728098392,0.67296455,0.664027805,0.552290076,0.498742017,0.729099526,0.716501588,0.692292721,0.631011928,0.5951417,0.733866362,0.727343145,0.71324236,0.666155027,0.672937488,0.398014792,0.500479939,0.530297107,0.930081301,0.952666267,0.311260756,0.372279496,0.403366112,0.6254,0.745102,0.271901608,0.32703545,0.335972195,0.447709924,0.501257983,0.270900474,0.283498412,0.307707279,0.368988072,0.4048583,0.266133638,0.272656855,0.28675764,0.333844973,0.327062512,,,,,,,,,,,,,,,,,,,,,,,,,,0.405688722,0.544028091,0.050283187,0.553379889,0.408832703,0.037787408,0.60546875,0.5,0.465093217,0.071965204,0.049989672,0.691707874,0.632649183,0.590335306,0.364396887,0.253271593,0.708207262,0.687992315,0.654129654,0.566236346,0.512280702,0.736842105,0.711472275,0.69236745,0.629174664,0.601768211,0.730973116,0.722507123,0.710586443,0.673851921,0.672940738,0.39453125,0.5,0.534906783,0.928034796,0.950010328,0.308292126,0.367350817,0.409664694,0.635603113,0.746728407,0.291792738,0.312007685,0.345870346,0.433763654,0.487719298,0.263157895,0.288527725,0.30763255,0.370825336,0.398231789,0.269026884,0.277492877,0.289413557,0.326148079,0.327059262,,,,,,,,,,,,,,,,,,,,,,,,,,0.408675749,0.54088078,0.050443471,0.553455287,0.408451797,0.038092917,0.603744746,0.501473767,0.456424254,0.070694864,0.045473336,0.669077069,0.618657299,0.578875171,0.373741442,0.250099088,0.720683112,0.683378853,0.670395371,0.553753301,0.5102921,0.735697941,0.704169046,0.690677171,0.633945656,0.589661049,0.731777863,0.712138508,0.705280774,0.669841875,0.66383541,0.396255254,0.498526233,0.543575746,0.929305136,0.954526664,0.330922931,0.381342701,0.421124829,0.626258558,0.749900912,0.279316888,0.316621147,0.329604629,0.446246699,0.4897079,0.264302059,0.295830954,0.309322829,0.366054344,0.410338951,0.268222137,0.287861492,0.294719226,0.330158125,0.33616459,,,,,,,,,,,,,,,,,,,,,,,,,,0.407022488,0.54310522,0.049872292,0.55411081,0.408387741,0.037501449,0.60146182,0.492816375,0.456202234,0.064529304,0.041365047,0.696506967,0.635740141,0.567910735,0.360924536,0.247278383,0.718342287,0.70040253,0.65819155,0.56711146,0.49874976,0.73191007,0.695068125,0.693636193,0.624631703,0.603308965,0.737714178,0.728911043,0.71611302,0.67643764,0.678095238,0.39853818,0.507183625,0.543797766,0.935470696,0.958634953,0.303493033,0.364259859,0.432089265,0.639075464,0.752721617,0.281657713,0.29959747,0.34180845,0.43288854,0.50125024,0.26808993,0.304931875,0.306363807,0.375368297,0.396691035,0.262285822,0.271088957,0.28388698,0.32356236,0.321904762,,,,,,,,,,,,,,,,,,,,,,,,,,0.406509497,0.542558425,0.050932078,0.553935635,0.407784081,0.038280284,0.592943854,0.506241048,0.462973761,0.071457408,0.049146617,0.68753612,0.637387817,0.57966037,0.368979752,0.261183551,0.728996776,0.680174209,0.654577192,0.566227121,0.498075443,0.735884449,0.699165402,0.693037374,0.624928312,0.588739529,0.717436381,0.715789474,0.713166444,0.684502576,0.676844301,0.407056146,0.493758952,0.537026239,0.928542592,0.950853383,0.31246388,0.362612183,0.42033963,0.631020248,0.738816449,0.271003224,0.319825791,0.345422808,0.433772879,0.501924557,0.264115551,0.300834598,0.306962626,0.375071688,0.411260471,0.282563619,0.284210526,0.286833556,0.315497424,0.323155699,,,,,,,,,,,,,,,,,,,,,,,,,,0.40438013,0.544799789,0.050820081,0.552177921,0.40961255,0.038209529,0.607783289,0.48600855,0.47698335,0.072927276,0.048257909,0.685318665,0.642435775,0.583462133,0.383137889,0.252077001,0.716333459,0.697598463,0.664026275,0.561254113,0.495995194,0.723526045,0.707830749,0.70042743,0.621461362,0.591929958,0.735983103,0.730155679,0.714446108,0.67553816,0.678435839,0.392216711,0.51399145,0.52301665,0.927072724,0.951742091,0.314681335,0.357564225,0.416537867,0.616862111,0.747922999,0.283666541,0.302401537,0.335973725,0.438745887,0.504004806,0.276473955,0.292169251,0.29957257,0.378538638,0.408070042,0.264016897,0.269844321,0.285553892,0.32446184,0.321564161,,,,,,,,,,,,,,,,,,,,,,,,,,0.408484046,0.541648287,0.049867667,0.556512201,0.406099625,0.037388174,0.60061092,0.483690214,0.450873786,0.067055394,0.049960032,0.68105424,0.633092155,0.576417574,0.360872174,0.253368188,0.702059324,0.684001513,0.658193722,0.565741627,0.496890789,0.725300271,0.710536326,0.689324044,0.623992134,0.591998454,0.748953975,0.724012275,0.718363463,0.683162575,0.675598086,0.39938908,0.516309786,0.549126214,0.932944606,0.950039968,0.31894576,0.366907845,0.423582426,0.639127826,0.746631812,0.297940676,0.315998487,0.341806278,0.434258373,0.503109211,0.274699729,0.289463674,0.310675956,0.376007866,0.408001546,0.251046025,0.275987725,0.281636537,0.316837425,0.324401914,,,,,,,,,,,,,,,,,,,,,,,,,,0.404882824,0.544573986,0.05054319,0.554240381,0.407901338,0.037858281,0.600077806,0.507405925,0.459189444,0.070564516,0.048393656,0.689932886,0.635339064,0.591282252,0.372634933,0.260356255,0.716310716,0.67992278,0.673036093,0.556744364,0.494790643,0.728992006,0.707219251,0.69898253,0.63470142,0.598384305,0.736762481,0.723436323,0.719953997,0.671669446,0.670474347,0.399922194,0.492594075,0.540810556,0.929435484,0.951606344,0.310067114,0.364660936,0.408717748,0.627365067,0.739643745,0.283689284,0.32007722,0.326963907,0.443255636,0.505209357,0.271007994,0.292780749,0.30101747,0.36529858,0.401615695,0.263237519,0.276563677,0.280046003,0.328330554,0.329525653,,,,,,,,,,,,,,,,,,,,,,,,,,0.403415563,0.545806603,0.050777834,0.551706811,0.410137053,0.038156136,0.611485835,0.505722599,0.467966574,0.075228595,0.045945946,0.692088788,0.634448096,0.595944136,0.373723488,0.251951171,0.716814159,0.675433581,0.6739898,0.566103669,0.506012598,0.734153264,0.711509146,0.68120358,0.630831254,0.60808198,0.722679641,0.721671118,0.715629114,0.674795199,0.670276542,0.388514165,0.494277401,0.532033426,0.924771405,0.954054054,0.307911212,0.365551904,0.404055864,0.626276512,0.748048829,0.283185841,0.324566419,0.3260102,0.433896331,0.493987402,0.265846736,0.288490854,0.31879642,0.369168746,0.39191802,0.277320359,0.278328882,0.284370886,0.325204801,0.329723458,,,,,,,,,,,,,,,,,,,,,,,,,
,,,,,,,0.416619399,0.365985401,0.343607955,0.048079742,0.03125,0.522827688,0.462917802,0.436990687,0.270763392,0.185726694,0.536845135,0.506980057,0.494982332,0.413773558,0.369492511,0.523342212,0.544659498,0.524739769,0.479448076,0.453018677,0.544071652,0.542450059,0.529079616,0.495537612,0.499215742,0.583380601,0.634014599,0.656392045,0.951920258,0.96875,0.477172312,0.537082198,0.563009313,0.729236608,0.814273306,0.463154865,0.493019943,0.505017668,0.586226442,0.630507489,0.476657788,0.455340502,0.475260231,0.520551924,0.546981323,0.455928348,0.457549941,0.470920384,0.504462388,0.500784258,,,,,,,,,,,,,,,,,,,,,,,,,,,,,,,,0.441667857,0.370919458,0.342356461,0.049862299,0.03443266,0.535953421,0.464013548,0.450521205,0.268838812,0.182449039,0.545119705,0.506672533,0.493400287,0.413074508,0.362345332,0.552983465,0.5444476,0.505542922,0.469510449,0.448366013,0.548208191,0.549444119,0.51909358,0.493111774,0.501826684,0.558332143,0.629080542,0.657643539,0.950137701,0.96556734,0.464046579,0.535986452,0.549478795,0.731161188,0.817550961,0.454880295,0.493327467,0.506599713,0.586925492,0.637654668,0.447016535,0.4555524,0.494457078,0.530489551,0.551633987,0.451791809,0.450555881,0.48090642,0.506888226,0.498173316,,,,,,,,,,,,,,,,,,,,,,,,,,,,,,,,0.445146468,0.367889647,0.333665339,0.052525253,0.034606035,0.515886525,0.482323964,0.431143763,0.270118258,0.182689515,0.530979725,0.519663329,0.500868307,0.406241094,0.371921879,0.546430644,0.532636702,0.518319279,0.467351012,0.445630515,0.551256425,0.546316243,0.543389633,0.516078094,0.50830518,0.554853532,0.632110353,0.666334661,0.947474747,0.965393965,0.484113475,0.517676036,0.568856237,0.729881742,0.817310485,0.469020275,0.480336671,0.499131693,0.593758906,0.628078121,0.453569356,0.467363298,0.481680721,0.532648988,0.554369485,0.448743575,0.453683757,0.456610367,0.483921906,0.49169482,,,,,,,,,,,,,,,,,,,,,,,,,,,,,,,,0.447338618,0.374578013,0.34340619,0.049380979,0.032704029,0.513734658,0.456706526,0.427310864,0.271941392,0.181661149,0.552115133,0.505264676,0.486834734,0.422871957,0.373404103,0.550906754,0.533997401,0.525474525,0.461484886,0.451566125,0.546043165,0.527926657,0.561343792,0.51584507,0.492577031,0.552661382,0.625421987,0.65659381,0.950619021,0.967295971,0.486265342,0.543293474,0.572689136,0.728058608,0.818338851,0.447884867,0.494735324,0.513165266,0.577128043,0.626595897,0.449093246,0.466002599,0.474525475,0.538515114,0.548433875,0.453956835,0.472073343,0.438656208,0.48415493,0.507422969,,,,,,,,,,,,,,,,,,,,,,,,,,,,,,,,0.439803094,0.357153045,0.339111435,0.045259238,0.028686173,0.526475256,0.472796826,0.430823117,0.259590793,0.179407616,0.534094151,0.515664691,0.498191289,0.421405658,0.37406232,0.551694674,0.531786815,0.529825065,0.458213256,0.448576742,0.561962134,0.551174253,0.533342812,0.518608646,0.503892427,0.560196906,0.642846955,0.660888565,0.954740762,0.971313827,0.473524744,0.527203174,0.569176883,0.740409207,0.820592384,0.465905849,0.484335309,0.501808711,0.578594342,0.62593768,0.448305326,0.468213185,0.470174935,0.541786744,0.551423258,0.438037866,0.448825747,0.466657188,0.481391354,0.496107573,,,,,,,,,,,,,,,,,,,,,,,,,,,,,,,,0.453240539,0.355920012,0.340528949,0.050141643,0.034368709,0.519580725,0.470604822,0.433010262,0.271399653,0.18688101,0.550479737,0.516017814,0.485471807,0.414314516,0.371305595,0.553236497,0.521874558,0.526520611,0.467,0.431652621,0.552715655,0.54509018,0.545534279,0.492584141,0.514784365,0.546759461,0.644079988,0.659471051,0.949858357,0.965631291,0.480419275,0.529395178,0.566989738,0.728600347,0.81311899,0.449520263,0.483982186,0.514528193,0.585685484,0.628694405,0.446763503,0.478125442,0.473479389,0.533,0.568347379,0.447284345,0.45490982,0.454465721,0.507415859,0.485215635,,,,,,,,,,,,,,,,,,,,,,,,,,,,,,,,0.457036293,0.35908112,0.346619217,0.051929214,0.034087694,0.5212812,0.486595561,0.437364229,0.274558099,0.183156655,0.556565064,0.514451686,0.485726399,0.414404115,0.355737469,0.547344111,0.525963864,0.523763202,0.466944524,0.442767654,0.53713565,0.544503368,0.553574018,0.506976061,0.512695453,0.542963707,0.64091888,0.653380783,0.948070786,0.965912306,0.4787188,0.513404439,0.562635771,0.725441901,0.816843345,0.443434936,0.485548314,0.514273601,0.585595885,0.644262531,0.452655889,0.474036136,0.476236798,0.533055476,0.557232346,0.46286435,0.455496632,0.446425982,0.493023939,0.487304547,,,,,,,,,,,,,,,,,,,,,,,,,,,,,,,,0.453640952,0.352281009,0.33838531,0.045647859,0.036043829,0.515690528,0.481535119,0.441028588,0.258897819,0.179845846,0.541533081,0.518120613,0.488704604,0.41645534,0.365599085,0.534399086,0.528205853,0.514836169,0.448480565,0.446241259,0.558819356,0.536526435,0.533342752,0.494265734,0.514127585,0.546359048,0.647718991,0.66161469,0.954352141,0.963956171,0.484309472,0.518464881,0.558971412,0.741102181,0.820154154,0.458466919,0.481879387,0.511295396,0.58354466,0.634400915,0.465600914,0.471794147,0.485163831,0.551519435,0.553758741,0.441180644,0.463473565,0.466657248,0.505734266,0.485872415,,,,,,,,,,,,,,,,,,,,,,,,,,,,,,,,0.446131598,0.367977936,0.346662872,0.050294583,0.034363269,0.508766968,0.47311522,0.431526391,0.267974792,0.178475082,0.542435952,0.512887724,0.492931863,0.417957544,0.359468723,0.542355672,0.52832073,0.518882713,0.468754489,0.43650905,0.563168546,0.552677029,0.534433694,0.516676169,0.50576895,0.553868402,0.632022064,0.653337128,0.949705417,0.965636731,0.491233032,0.52688478,0.568473609,0.732025208,0.821524918,0.457564048,0.487112276,0.507068137,0.582042456,0.640531277,0.457644328,0.47167927,0.481117287,0.531245511,0.56349095,0.436831454,0.447322971,0.465566306,0.483323831,0.49423105,,,,,,,,,,,,,,,,,,,,,,,,,,,,,,,,0.450326426,0.379641765,0.336625161,0.051311127,0.031530889,0.533177433,0.469460735,0.450404858,0.271044011,0.180527674,0.529411765,0.512434933,0.487306765,0.416988417,0.377420273,0.557711657,0.538505913,0.523872291,0.476024917,0.444900269,0.561174077,0.540505787,0.546302943,0.511184875,0.495709382,0.549673574,0.620358235,0.663374839,0.948688873,0.968469111,0.466822567,0.530539265,0.549595142,0.728955989,0.819472326,0.470588235,0.487565067,0.512693235,0.583011583,0.622579727,0.442288343,0.461494087,0.476127709,0.523975083,0.555099731,0.438825923,0.459494213,0.453697057,0.488815125,0.504290618,,,,,,,,,,,,,,,,,,,,,,,,,
,,,,,,,,,,,,,,,,,,,,,,,,,,,,,,,,,,,,,,,,,,,,,,,,,,,,,,,,,,,,,,,,,,,,,,,,,,,,,,,,,,,,,,,,,,,,,,,,,,,,,,,,,,,,,,,,,,,,,,,,,,,,,,,,,,,,,,,,,,,,,,,,,,,,,,,,,,,,,,,,,,,,,,,,,,,,,,,,,,,,,,,,,,,,,,,,,,,,,,,,,,,,,,,,,,,,,,,,,,,,,,,,,,,,,,,,,,,,,,,,,,,,,,,,,,,,,,,,,,,,,,,,,,,,,,,,,,,,,,,,,,,,,,,,,,,,,,,,,,,,,,,,,,,,,,,,,,,,,,,,,,,,,,,,,,,,,,,,,,,,,,,,,,,,,,,,,,,,,,,,,,,,,,,,,,,,,,,,,,,,,,,,,,,,,,,,,,,,,,,,,,,,,,,,,,,,,,,,,,,,,,,,,,,,,,,,,,,,,,,,,,,,,,,,,,,,,,,,,,,,,,,,,,,,,,,,,,,,,,,,,,,,,,,,,,,,,,,,,,,,,,,,,,,,,,,,,,,,,,,,,,,,,,,,,,,,,,,,,,,,,,,,,,,,,,,,,,,,,,,,,,,,,,,,,,,,,,,,,,,,,,,,,,,,,,,,,,,,,,,,,,,,,,,,,,,,,,,,,,,,,,,,,,,,,,,,,,,,,,,,,,,,,,,,,,,,,,,,,,,,,,,,,,,,,,,,,,,,,,,,,,,,,,,,,,,,,,,,,,,,,,,,,,,,,,,,,,,,,,,,,,,,,,,,,,,,,,,,,,,,,,,,,,,,,,,,,,,,,,,,,,,,,,,,,,,,,,,,,,,,,,,,,,,,,,,,,,,,,,,,,,,,,,,,,,
,0.406607434,0.542986664,0.050405903,0.553967209,0.408144133,0.037888657,60.12%,49.67%,46.24%,7.01%,4.71%,68.66%,63.19%,58.46%,36.93%,25.37%,71.62%,68.46%,66.31%,56.07%,50.18%,73.07%,70.65%,69.22%,62.97%,59.65%,73.34%,72.19%,71.43%,67.49%,67.30%,39.88%,50.33%,53.76%,92.99%,95.29%,31.34%,36.81%,41.54%,63.07%,74.63%,28.38%,31.54%,33.69%,43.93%,49.82%,26.93%,29.35%,30.78%,37.03%,40.35%,26.66%,27.81%,28.57%,32.51%,32.70%,,,,,,,,,,,,,,,,,,,,,,,,,,,,,,,,,,,,,,,,,,,,,,,,,,,,,,,,,,,,,,,,,,,,,,,,,,,,,,,,,,,,,,,,,,,,,,,,,,,,,,,,,,,,,,,,,,,,,,,,,,,,,,,,,,,,,,,,,,,,,,,,,,,,,,,,,,,,,,,,,,,,,,,,,,,,,,,,,,,,,,,,,,,,,,,,,,,,,,,,,,,,,,,,,,,,,,,,,,,,,,,,,,,,,,,,,,,,,,,,,,,,,,,,,,,,,,,,,,,,,,,,,,,,,,,,,,,,,,,,,,,,,,,,,,,,,,,,,,,,,,,,,,,,,,,,,,,,,,,,,,,,,,,,,,,,,,,,,,,,,,,,,,,,,,,,,,,,,,,,,,,,,,,,,,,,,,,,,,,,,,,,,,,,,,,,,,,,,,,,,,,,,,,,,,,,,,,,,,,,,,,,,,,,,,,,,,,,,,,,,,,,,,,,,,,,,,,,,,,,,,,,,,,,,,,,,,,,,,,,,,,,,,,,,,,,,,,,,,,,,,,,,,,,,,,,,,,,,,,,,,,,,,,,,,,,,,,,,,,,,,,,,,,,,,,,,,,,,,,,,,,,,,,,,,,,,,,,,,,,,,,,,,,,,,,,,,,,,,,,,,,,,,,,,,,,,,,,,,,,,,,,,,,,,,,,,,,,,,,,,,,,,,,,,,,,,,,,,,,,,,,,,,,,,,,,,,,,,,,,,,,,,,,,,,,,,,,,,,,,,,,,,,,,,,,,,,,,,,,,,,,,,,,,,,,,,,,,,,,,,,,,,,,,,,,,,,
,,,,,,,44.51%,36.51%,34.11%,4.94%,3.32%,52.13%,47.20%,43.70%,26.85%,18.21%,54.20%,51.28%,49.14%,41.57%,36.81%,54.60%,53.30%,52.12%,46.63%,44.49%,55.25%,54.37%,53.99%,50.61%,50.49%,55.49%,63.49%,65.89%,95.06%,96.68%,47.87%,52.80%,56.30%,73.15%,81.79%,45.80%,48.72%,50.86%,58.43%,63.19%,45.40%,46.70%,47.88%,53.37%,55.51%,44.75%,45.63%,46.01%,49.39%,49.51%,,,,,,,,,,,,,,,,,,,,,,,,,,,,,,,,,,,,,,,,,,,,,,,,,,,,,,,,,,,,,,,,,,,,,,,,,,,,,,,,,,,,,,,,,,,,,,,,,,,,,,,,,,,,,,,,,,,,,,,,,,,,,,,,,,,,,,,,,,,,,,,,,,,,,,,,,,,,,,,,,,,,,,,,,,,,,,,,,,,,,,,,,,,,,,,,,,,,,,,,,,,,,,,,,,,,,,,,,,,,,,,,,,,,,,,,,,,,,,,,,,,,,,,,,,,,,,,,,,,,,,,,,,,,,,,,,,,,,,,,,,,,,,,,,,,,,,,,,,,,,,,,,,,,,,,,,,,,,,,,,,,,,,,,,,,,,,,,,,,,,,,,,,,,,,,,,,,,,,,,,,,,,,,,,,,,,,,,,,,,,,,,,,,,,,,,,,,,,,,,,,,,,,,,,,,,,,,,,,,,,,,,,,,,,,,,,,,,,,,,,,,,,,,,,,,,,,,,,,,,,,,,,,,,,,,,,,,,,,,,,,,,,,,,,,,,,,,,,,,,,,,,,,,,,,,,,,,,,,,,,,,,,,,,,,,,,,,,,,,,,,,,,,,,,,,,,,,,,,,,,,,,,,,,,,,,,,,,,,,,,,,,,,,,,,,,,,,,,,,,,,,,,,,,,,,,,,,,,,,,,,,,,,,,,,,,,,,,,,,,,,,,,,,,,,,,,,,,,,,,,,,,,,,,,,,,,,,,,,,,,,,,,,,,,,,,,,,,,,,,,,,,,,,,,,,,,,,,,,,,,,,,,,,,,,,,,,,,,,,,,,,,,,,,,,,,,,
,,,,,,,,,,,,,,,,,,,,,,,,,,,,,,,,,,,,,,,,,,,,,,,,,,,,,,,,,,,,,,,,,,,,,,,,,,,,,,,,,,,,,,,,,,,,,,,,,,,,,,,,,,,,,,,,,,,,,,,,,,,,,,,,,,,,,,,,,,,,,,,,,,,,,,,,,,,,,,,,,,,,,,,,,,,,,,,,,,,,,,,,,,,,,,,,,,,,,,,,,,,,,,,,,,,,,,,,,,,,,,,,,,,,,,,,,,,,,,,,,,,,,,,,,,,,,,,,,,,,,,,,,,,,,,,,,,,,,,,,,,,,,,,,,,,,,,,,,,,,,,,,,,,,,,,,,,,,,,,,,,,,,,,,,,,,,,,,,,,,,,,,,,,,,,,,,,,,,,,,,,,,,,,,,,,,,,,,,,,,,,,,,,,,,,,,,,,,,,,,,,,,,,,,,,,,,,,,,,,,,,,,,,,,,,,,,,,,,,,,,,,,,,,,,,,,,,,,,,,,,,,,,,,,,,,,,,,,,,,,,,,,,,,,,,,,,,,,,,,,,,,,,,,,,,,,,,,,,,,,,,,,,,,,,,,,,,,,,,,,,,,,,,,,,,,,,,,,,,,,,,,,,,,,,,,,,,,,,,,,,,,,,,,,,,,,,,,,,,,,,,,,,,,,,,,,,,,,,,,,,,,,,,,,,,,,,,,,,,,,,,,,,,,,,,,,,,,,,,,,,,,,,,,,,,,,,,,,,,,,,,,,,,,,,,,,,,,,,,,,,,,,,,,,,,,,,,,,,,,,,,,,,,,,,,,,,,,,,,,,,,,,,,,,,,,,,,,,,,,,,,,,,,,,,,,,,,,,,,,,,,,,,,,,,,,,,,,,,,,,,,,,,,,,,,
,,,,,,,,,,,,,,,,,,,,,,,,,,,,,,,,,,,,,,,,,,,,,,,,,,,,,,,,,,,,,,,,,,,,,,,,,,,,,,,,,,,,,,,,,,,,,,,,,,,,,,,,,,,,,,,,,,,,,,,,,,,,,,,,,,,,,,,,,,,,,,,,,,,,,,,,,,,,,,,,,,,,,,,,,,,,,,,,,,,,,,,,,,,,,,,,,,,,,,,,,,,,,,,,,,,,,,,,,,,,,,,,,,,,,,,,,,,,,,,,,,,,,,,,,,,,,,,,,,,,,,,,,,,,,,,,,,,,,,,,,,,,,,,,,,,,,,,,,,,,,,,,,,,,,,,,,,,,,,,,,,,,,,,,,,,,,,,,,,,,,,,,,,,,,,,,,,,,,,,,,,,,,,,,,,,,,,,,,,,,,,,,,,,,,,,,,,,,,,,,,,,,,,,,,,,,,,,,,,,,,,,,,,,,,,,,,,,,,,,,,,,,,,,,,,,,,,,,,,,,,,,,,,,,,,,,,,,,,,,,,,,,,,,,,,,,,,,,,,,,,,,,,,,,,,,,,,,,,,,,,,,,,,,,,,,,,,,,,,,,,,,,,,,,,,,,,,,,,,,,,,,,,,,,,,,,,,,,,,,,,,,,,,,,,,,,,,,,,,,,,,,,,,,,,,,,,,,,,,,,,,,,,,,,,,,,,,,,,,,,,,,,,,,,,,,,,,,,,,,,,,,,,,,,,,,,,,,,,,,,,,,,,,,,,,,,,,,,,,,,,,,,,,,,,,,,,,,,,,,,,,,,,,,,,,,,,,,,,,,,,,,,,,,,,,,,,,,,,,,,,,,,,,,,,,,,,,,,,,,,,,,,,,,,,,,,,,,,,,,,,,,,,,,,,,
,,,,,,,,,,,,,,,,,,,,,,,,,,,,,,,,,,,,,,,,,,,,,,,,,,,,,,,,,,,,,,,,,,,,,,,,,,,,,,,,,,,,,,,,,,,,,,,,,,,,,,,,,,,,,,,,,,,,,,,,,,,,,,,,,,,,,,,,,,,,,,,,,,,,,,,,,,,,,,,,,,,,,,,,,,,,,,,,,,,,,,,,,,,,,,,,,,,,,,,,,,,,,,,,,,,,,,,,,,,,,,,,,,,,,,,,,,,,,,,,,,,,,,,,,,,,,,,,,,,,,,,,,,,,,,,,,,,,,,,,,,,,,,,,,,,,,,,,,,,,,,,,,,,,,,,,,,,,,,,,,,,,,,,,,,,,,,,,,,,,,,,,,,,,,,,,,,,,,,,,,,,,,,,,,,,,,,,,,,,,,,,,,,,,,,,,,,,,,,,,,,,,,,,,,,,,,,,,,,,,,,,,,,,,,,,,,,,,,,,,,,,,,,,,,,,,,,,,,,,,,,,,,,,,,,,,,,,,,,,,,,,,,,,,,,,,,,,,,,,,,,,,,,,,,,,,,,,,,,,,,,,,,,,,,,,,,,,,,,,,,,,,,,,,,,,,,,,,,,,,,,,,,,,,,,,,,,,,,,,,,,,,,,,,,,,,,,,,,,,,,,,,,,,,,,,,,,,,,,,,,,,,,,,,,,,,,,,,,,,,,,,,,,,,,,,,,,,,,,,,,,,,,,,,,,,,,,,,,,,,,,,,,,,,,,,,,,,,,,,,,,,,,,,,,,,,,,,,,,,,,,,,,,,,,,,,,,,,,,,,,,,,,,,,,,,,,,,,,,,,,,,,,,,,,,,,,,,,,,,,,,,,,,,,,,,,,,,,,,,,,,,,,,,,,,
,,,,,,,,,,,,,,,,,,,,,,,,,,,,,,,,,,,,,,,,,,,,,,,,,,,,,,,,,,,,,,,,,,,,,,,,,,,,,,,,,,,,,,,,,,,,,,,,,,,,,,,,,,,,,,,,,,,,,,,,,,,,,,,,,,,,,,,,,,,,,,,,,,,,,,,,,,,,,,,,,,,,,,,,,,,,,,,,,,,,,,,,,,,,,,,,,,,,,,,,,,,,,,,,,,,,,,,,,,,,,,,,,,,,,,,,,,,,,,,,,,,,,,,,,,,,,,,,,,,,,,,,,,,,,,,,,,,,,,,,,,,,,,,,,,,,,,,,,,,,,,,,,,,,,,,,,,,,,,,,,,,,,,,,,,,,,,,,,,,,,,,,,,,,,,,,,,,,,,,,,,,,,,,,,,,,,,,,,,,,,,,,,,,,,,,,,,,,,,,,,,,,,,,,,,,,,,,,,,,,,,,,,,,,,,,,,,,,,,,,,,,,,,,,,,,,,,,,,,,,,,,,,,,,,,,,,,,,,,,,,,,,,,,,,,,,,,,,,,,,,,,,,,,,,,,,,,,,,,,,,,,,,,,,,,,,,,,,,,,,,,,,,,,,,,,,,,,,,,,,,,,,,,,,,,,,,,,,,,,,,,,,,,,,,,,,,,,,,,,,,,,,,,,,,,,,,,,,,,,,,,,,,,,,,,,,,,,,,,,,,,,,,,,,,,,,,,,,,,,,,,,,,,,,,,,,,,,,,,,,,,,,,,,,,,,,,,,,,,,,,,,,,,,,,,,,,,,,,,,,,,,,,,,,,,,,,,,,,,,,,,,,,,,,,,,,,,,,,,,,,,,,,,,,,,,,,,,,,,,,,,,,,,,,,,,,,,,,,,,,,,,,,,,,,,
,,,,,,,,,,,,,,,,,,,,,,,,,,,,,,,,,,,,,,,,,,,,,,,,,,,,,,,,,,,,,,,,,,,,,,,,,,,,,,,,,,,,,,,,,,,,,,,,,,,,,,,,,,,,,,,,,,,,,,,,,,,,,,,,,,,,,,,,,,,,,,,,,,,,,,,,,,,,,,,,,,,,,,,,,,,,,,,,,,,,,,,,,,,,,,,,,,,,,,,,,,,,,,,,,,,,,,,,,,,,,,,,,,,,,,,,,,,,,,,,,,,,,,,,,,,,,,,,,,,,,,,,,,,,,,,,,,,,,,,,,,,,,,,,,,,,,,,,,,,,,,,,,,,,,,,,,,,,,,,,,,,,,,,,,,,,,,,,,,,,,,,,,,,,,,,,,,,,,,,,,,,,,,,,,,,,,,,,,,,,,,,,,,,,,,,,,,,,,,,,,,,,,,,,,,,,,,,,,,,,,,,,,,,,,,,,,,,,,,,,,,,,,,,,,,,,,,,,,,,,,,,,,,,,,,,,,,,,,,,,,,,,,,,,,,,,,,,,,,,,,,,,,,,,,,,,,,,,,,,,,,,,,,,,,,,,,,,,,,,,,,,,,,,,,,,,,,,,,,,,,,,,,,,,,,,,,,,,,,,,,,,,,,,,,,,,,,,,,,,,,,,,,,,,,,,,,,,,,,,,,,,,,,,,,,,,,,,,,,,,,,,,,,,,,,,,,,,,,,,,,,,,,,,,,,,,,,,,,,,,,,,,,,,,,,,,,,,,,,,,,,,,,,,,,,,,,,,,,,,,,,,,,,,,,,,,,,,,,,,,,,,,,,,,,,,,,,,,,,,,,,,,,,,,,,,,,,,,,,,,,,,,,,,,,,,,,,,,,,,,,,,,,,,,,,
,,,,,,,,,,,,,,,,,,,,,,,,,,,,,,,,,,,,,,,,,,,,,,,,,,,,,,,,,,,,,,,,,,,,,,,,,,,,,,,,,,,,,,,,,,,,,,,,,,,,,,,,,,,,,,,,,,,,,,,,,,,,,,,,,,,,,,,,,,,,,,,,,,,,,,,,,,,,,,,,,,,,,,,,,,,,,,,,,,,,,,,,,,,,,,,,,,,,,,,,,,,,,,,,,,,,,,,,,,,,,,,,,,,,,,,,,,,,,,,,,,,,,,,,,,,,,,,,,,,,,,,,,,,,,,,,,,,,,,,,,,,,,,,,,,,,,,,,,,,,,,,,,,,,,,,,,,,,,,,,,,,,,,,,,,,,,,,,,,,,,,,,,,,,,,,,,,,,,,,,,,,,,,,,,,,,,,,,,,,,,,,,,,,,,,,,,,,,,,,,,,,,,,,,,,,,,,,,,,,,,,,,,,,,,,,,,,,,,,,,,,,,,,,,,,,,,,,,,,,,,,,,,,,,,,,,,,,,,,,,,,,,,,,,,,,,,,,,,,,,,,,,,,,,,,,,,,,,,,,,,,,,,,,,,,,,,,,,,,,,,,,,,,,,,,,,,,,,,,,,,,,,,,,,,,,,,,,,,,,,,,,,,,,,,,,,,,,,,,,,,,,,,,,,,,,,,,,,,,,,,,,,,,,,,,,,,,,,,,,,,,,,,,,,,,,,,,,,,,,,,,,,,,,,,,,,,,,,,,,,,,,,,,,,,,,,,,,,,,,,,,,,,,,,,,,,,,,,,,,,,,,,,,,,,,,,,,,,,,,,,,,,,,,,,,,,,,,,,,,,,,,,,,,,,,,,,,,,,,,,,,,,,,,,,,,,,,,,,,,,,,,,,,,,,,
,,,,,,,,,,,,,,,,,,,,,,,,,,,,,,,,,,,,,,,,,,,,,,,,,,,,,,,,,,,,,,,,,,,,,,,,,,,,,,,,,,,,,,,,,,,,,,,,,,,,,,,,,,,,,,,,,,,,,,,,,,,,,,,,,,,,,,,,,,,,,,,,,,,,,,,,,,,,,,,,,,,,,,,,,,,,,,,,,,,,,,,,,,,,,,,,,,,,,,,,,,,,,,,,,,,,,,,,,,,,,,,,,,,,,,,,,,,,,,,,,,,,,,,,,,,,,,,,,,,,,,,,,,,,,,,,,,,,,,,,,,,,,,,,,,,,,,,,,,,,,,,,,,,,,,,,,,,,,,,,,,,,,,,,,,,,,,,,,,,,,,,,,,,,,,,,,,,,,,,,,,,,,,,,,,,,,,,,,,,,,,,,,,,,,,,,,,,,,,,,,,,,,,,,,,,,,,,,,,,,,,,,,,,,,,,,,,,,,,,,,,,,,,,,,,,,,,,,,,,,,,,,,,,,,,,,,,,,,,,,,,,,,,,,,,,,,,,,,,,,,,,,,,,,,,,,,,,,,,,,,,,,,,,,,,,,,,,,,,,,,,,,,,,,,,,,,,,,,,,,,,,,,,,,,,,,,,,,,,,,,,,,,,,,,,,,,,,,,,,,,,,,,,,,,,,,,,,,,,,,,,,,,,,,,,,,,,,,,,,,,,,,,,,,,,,,,,,,,,,,,,,,,,,,,,,,,,,,,,,,,,,,,,,,,,,,,,,,,,,,,,,,,,,,,,,,,,,,,,,,,,,,,,,,,,,,,,,,,,,,,,,,,,,,,,,,,,,,,,,,,,,,,,,,,,,,,,,,,,,,,,,,,,,,,,,,,,,,,,,,,,,,,,,,,,
,,,,,,,,,,,,,,Size 1,Size 2,Size 3,Size 4,Size 5,,,,,,,,,,,,,,,,,,,,,,,,,,,,,,,,,,,,,,,,,,,,,,,,,,,,,,,,,,,,,,,,,,,,,,,,,,,,,,,,,,,,,,,,,,,,,,,,,,,,,,,,,,,,,,,,,,,,,,,,,,,,,,,,,,,,,,,,,,,,,,,,,,,,,,,,,,,,,,,,,,,,,,,,,,,,,,,,,,,,,,,,,,,,,,,,,,,,,,,,,,,,,,,,,,,,,,,,,,,,,,,,,,,,,,,,,,,,,,,,,,,,,,,,,,,,,,,,,,,,,,,,,,,,,,,,,,,,,,,,,,,,,,,,,,,,,,,,,,,,,,,,,,,,,,,,,,,,,,,,,,,,,,,,,,,,,,,,,,,,,,,,,,,,,,,,,,,,,,,,,,,,,,,,,,,,,,,,,,,,,,,,,,,,,,,,,,,,,,,,,,,,,,,,,,,,,,,,,,,,,,,,,,,,,,,,,,,,,,,,,,,,,,,,,,,,,,,,,,,,,,,,,,,,,,,,,,,,,,,,,,,,,,,,,,,,,,,,,,,,,,,,,,,,,,,,,,,,,,,,,,,,,,,,,,,,,,,,,,,,,,,,,,,,,,,,,,,,,,,,,,,,,,,,,,,,,,,,,,,,,,,,,,,,,,,,,,,,,,,,,,,,,,,,,,,,,,,,,,,,,,,,,,,,,,,,,,,,,,,,,,,,,,,,,,,,,,,,,,,,,,,,,,,,,,,,,,,,,,,,,,,,,,,,,,,,,,,,,,,,,,,,,,,,,,,,,,,,,,,,,,,,,,,,,,,,,,,,,,,,,,,,,,,,,,,,,,,,,,,,,,,,,,,,,,,,,,,,,,,,,,,,,,,,,,,,
,,,,,,,,,,,,,5,60.12%,49.67%,46.24%,7.01%,4.71%,,,,,,,,,,,,,,,,,,,,,,,,,,,,,,,,,,,,,,,,,,,,,,,,,,,,,,,,,,,,,,,,,,,,,,,,,,,,,,,,,,,,,,,,,,,,,,,,,,,,,,,,,,,,,,,,,,,,,,,,,,,,,,,,,,,,,,,,,,,,,,,,,,,,,,,,,,,,,,,,,,,,,,,,,,,,,,,,,,,,,,,,,,,,,,,,,,,,,,,,,,,,,,,,,,,,,,,,,,,,,,,,,,,,,,,,,,,,,,,,,,,,,,,,,,,,,,,,,,,,,,,,,,,,,,,,,,,,,,,,,,,,,,,,,,,,,,,,,,,,,,,,,,,,,,,,,,,,,,,,,,,,,,,,,,,,,,,,,,,,,,,,,,,,,,,,,,,,,,,,,,,,,,,,,,,,,,,,,,,,,,,,,,,,,,,,,,,,,,,,,,,,,,,,,,,,,,,,,,,,,,,,,,,,,,,,,,,,,,,,,,,,,,,,,,,,,,,,,,,,,,,,,,,,,,,,,,,,,,,,,,,,,,,,,,,,,,,,,,,,,,,,,,,,,,,,,,,,,,,,,,,,,,,,,,,,,,,,,,,,,,,,,,,,,,,,,,,,,,,,,,,,,,,,,,,,,,,,,,,,,,,,,,,,,,,,,,,,,,,,,,,,,,,,,,,,,,,,,,,,,,,,,,,,,,,,,,,,,,,,,,,,,,,,,,,,,,,,,,,,,,,,,,,,,,,,,,,,,,,,,,,,,,,,,,,,,,,,,,,,,,,,,,,,,,,,,,,,,,,,,,,,,,,,,,,,,,,,,,,,,,,,,,,,,,,,,,,,,,,,,,,,,,,,,,,,,,,,,,,,,,,,,,,,,,,,
,,,,,,,,,,,,,20,68.66%,63.19%,58.46%,36.93%,25.37%,,,,,,,,,,,,,,,,,,,,,,,,,,,,,,,,,,,,,,,,,,,,,,,,,,,,,,,,,,,,,,,,,,,,,,,,,,,,,,,,,,,,,,,,,,,,,,,,,,,,,,,,,,,,,,,,,,,,,,,,,,,,,,,,,,,,,,,,,,,,,,,,,,,,,,,,,,,,,,,,,,,,,,,,,,,,,,,,,,,,,,,,,,,,,,,,,,,,,,,,,,,,,,,,,,,,,,,,,,,,,,,,,,,,,,,,,,,,,,,,,,,,,,,,,,,,,,,,,,,,,,,,,,,,,,,,,,,,,,,,,,,,,,,,,,,,,,,,,,,,,,,,,,,,,,,,,,,,,,,,,,,,,,,,,,,,,,,,,,,,,,,,,,,,,,,,,,,,,,,,,,,,,,,,,,,,,,,,,,,,,,,,,,,,,,,,,,,,,,,,,,,,,,,,,,,,,,,,,,,,,,,,,,,,,,,,,,,,,,,,,,,,,,,,,,,,,,,,,,,,,,,,,,,,,,,,,,,,,,,,,,,,,,,,,,,,,,,,,,,,,,,,,,,,,,,,,,,,,,,,,,,,,,,,,,,,,,,,,,,,,,,,,,,,,,,,,,,,,,,,,,,,,,,,,,,,,,,,,,,,,,,,,,,,,,,,,,,,,,,,,,,,,,,,,,,,,,,,,,,,,,,,,,,,,,,,,,,,,,,,,,,,,,,,,,,,,,,,,,,,,,,,,,,,,,,,,,,,,,,,,,,,,,,,,,,,,,,,,,,,,,,,,,,,,,,,,,,,,,,,,,,,,,,,,,,,,,,,,,,,,,,,,,,,,,,,,,,,,,,,,,,,,,,,,,,,,,,,,,,,,,,,,,,,,,,,
,,,,,,,,,,,,,50,71.62%,68.46%,66.31%,56.07%,50.18%,,,,,,,,,,,,,,,,,,,,,,,,,,,,,,,,,,,,,,,,,,,,,,,,,,,,,,,,,,,,,,,,,,,,,,,,,,,,,,,,,,,,,,,,,,,,,,,,,,,,,,,,,,,,,,,,,,,,,,,,,,,,,,,,,,,,,,,,,,,,,,,,,,,,,,,,,,,,,,,,,,,,,,,,,,,,,,,,,,,,,,,,,,,,,,,,,,,,,,,,,,,,,,,,,,,,,,,,,,,,,,,,,,,,,,,,,,,,,,,,,,,,,,,,,,,,,,,,,,,,,,,,,,,,,,,,,,,,,,,,,,,,,,,,,,,,,,,,,,,,,,,,,,,,,,,,,,,,,,,,,,,,,,,,,,,,,,,,,,,,,,,,,,,,,,,,,,,,,,,,,,,,,,,,,,,,,,,,,,,,,,,,,,,,,,,,,,,,,,,,,,,,,,,,,,,,,,,,,,,,,,,,,,,,,,,,,,,,,,,,,,,,,,,,,,,,,,,,,,,,,,,,,,,,,,,,,,,,,,,,,,,,,,,,,,,,,,,,,,,,,,,,,,,,,,,,,,,,,,,,,,,,,,,,,,,,,,,,,,,,,,,,,,,,,,,,,,,,,,,,,,,,,,,,,,,,,,,,,,,,,,,,,,,,,,,,,,,,,,,,,,,,,,,,,,,,,,,,,,,,,,,,,,,,,,,,,,,,,,,,,,,,,,,,,,,,,,,,,,,,,,,,,,,,,,,,,,,,,,,,,,,,,,,,,,,,,,,,,,,,,,,,,,,,,,,,,,,,,,,,,,,,,,,,,,,,,,,,,,,,,,,,,,,,,,,,,,,,,,,,,,,,,,,,,,,,,,,,,,,,,,,,,,,,,,,,
,,,,,,,,,,,,,100,73.07%,70.65%,69.22%,62.97%,59.65%,,,,,,,,,,,,,,,,,,,,,,,,,,,,,,,,,,,,,,,,,,,,,,,,,,,,,,,,,,,,,,,,,,,,,,,,,,,,,,,,,,,,,,,,,,,,,,,,,,,,,,,,,,,,,,,,,,,,,,,,,,,,,,,,,,,,,,,,,,,,,,,,,,,,,,,,,,,,,,,,,,,,,,,,,,,,,,,,,,,,,,,,,,,,,,,,,,,,,,,,,,,,,,,,,,,,,,,,,,,,,,,,,,,,,,,,,,,,,,,,,,,,,,,,,,,,,,,,,,,,,,,,,,,,,,,,,,,,,,,,,,,,,,,,,,,,,,,,,,,,,,,,,,,,,,,,,,,,,,,,,,,,,,,,,,,,,,,,,,,,,,,,,,,,,,,,,,,,,,,,,,,,,,,,,,,,,,,,,,,,,,,,,,,,,,,,,,,,,,,,,,,,,,,,,,,,,,,,,,,,,,,,,,,,,,,,,,,,,,,,,,,,,,,,,,,,,,,,,,,,,,,,,,,,,,,,,,,,,,,,,,,,,,,,,,,,,,,,,,,,,,,,,,,,,,,,,,,,,,,,,,,,,,,,,,,,,,,,,,,,,,,,,,,,,,,,,,,,,,,,,,,,,,,,,,,,,,,,,,,,,,,,,,,,,,,,,,,,,,,,,,,,,,,,,,,,,,,,,,,,,,,,,,,,,,,,,,,,,,,,,,,,,,,,,,,,,,,,,,,,,,,,,,,,,,,,,,,,,,,,,,,,,,,,,,,,,,,,,,,,,,,,,,,,,,,,,,,,,,,,,,,,,,,,,,,,,,,,,,,,,,,,,,,,,,,,,,,,,,,,,,,,,,,,,,,,,,,,,,,,,,,,,,,,,,,,
,,,,,,,,,,,,,500,73.34%,72.19%,71.43%,67.49%,67.30%,,,,,,,,,,,,,,,,,,,,,,,,,,,,,,,,,,,,,,,,,,,,,,,,,,,,,,,,,,,,,,,,,,,,,,,,,,,,,,,,,,,,,,,,,,,,,,,,,,,,,,,,,,,,,,,,,,,,,,,,,,,,,,,,,,,,,,,,,,,,,,,,,,,,,,,,,,,,,,,,,,,,,,,,,,,,,,,,,,,,,,,,,,,,,,,,,,,,,,,,,,,,,,,,,,,,,,,,,,,,,,,,,,,,,,,,,,,,,,,,,,,,,,,,,,,,,,,,,,,,,,,,,,,,,,,,,,,,,,,,,,,,,,,,,,,,,,,,,,,,,,,,,,,,,,,,,,,,,,,,,,,,,,,,,,,,,,,,,,,,,,,,,,,,,,,,,,,,,,,,,,,,,,,,,,,,,,,,,,,,,,,,,,,,,,,,,,,,,,,,,,,,,,,,,,,,,,,,,,,,,,,,,,,,,,,,,,,,,,,,,,,,,,,,,,,,,,,,,,,,,,,,,,,,,,,,,,,,,,,,,,,,,,,,,,,,,,,,,,,,,,,,,,,,,,,,,,,,,,,,,,,,,,,,,,,,,,,,,,,,,,,,,,,,,,,,,,,,,,,,,,,,,,,,,,,,,,,,,,,,,,,,,,,,,,,,,,,,,,,,,,,,,,,,,,,,,,,,,,,,,,,,,,,,,,,,,,,,,,,,,,,,,,,,,,,,,,,,,,,,,,,,,,,,,,,,,,,,,,,,,,,,,,,,,,,,,,,,,,,,,,,,,,,,,,,,,,,,,,,,,,,,,,,,,,,,,,,,,,,,,,,,,,,,,,,,,,,,,,,,,,,,,,,,,,,,,,,,,,,,,,,,,,,,,,,,
,,,,,,,,,,,,,,,,,,,,,,,,,,,,,,,,,,,,,,,,,,,,,,,,,,,,,,,,,,,,,,,,,,,,,,,,,,,,,,,,,,,,,,,,,,,,,,,,,,,,,,,,,,,,,,,,,,,,,,,,,,,,,,,,,,,,,,,,,,,,,,,,,,,,,,,,,,,,,,,,,,,,,,,,,,,,,,,,,,,,,,,,,,,,,,,,,,,,,,,,,,,,,,,,,,,,,,,,,,,,,,,,,,,,,,,,,,,,,,,,,,,,,,,,,,,,,,,,,,,,,,,,,,,,,,,,,,,,,,,,,,,,,,,,,,,,,,,,,,,,,,,,,,,,,,,,,,,,,,,,,,,,,,,,,,,,,,,,,,,,,,,,,,,,,,,,,,,,,,,,,,,,,,,,,,,,,,,,,,,,,,,,,,,,,,,,,,,,,,,,,,,,,,,,,,,,,,,,,,,,,,,,,,,,,,,,,,,,,,,,,,,,,,,,,,,,,,,,,,,,,,,,,,,,,,,,,,,,,,,,,,,,,,,,,,,,,,,,,,,,,,,,,,,,,,,,,,,,,,,,,,,,,,,,,,,,,,,,,,,,,,,,,,,,,,,,,,,,,,,,,,,,,,,,,,,,,,,,,,,,,,,,,,,,,,,,,,,,,,,,,,,,,,,,,,,,,,,,,,,,,,,,,,,,,,,,,,,,,,,,,,,,,,,,,,,,,,,,,,,,,,,,,,,,,,,,,,,,,,,,,,,,,,,,,,,,,,,,,,,,,,,,,,,,,,,,,,,,,,,,,,,,,,,,,,,,,,,,,,,,,,,,,,,,,,,,,,,,,,,,,,,,,,,,,,,,,,,,,,,,,,,,,,,,,,,,,,,,,,,,,,,,,,,,,,
,,,,,,,,,,,,,,,,,,,,,,,,,,,,,,,,,,,,,,,,,,,,,,,,,,,,,,,,,,,,,,,,,,,,,,,,,,,,,,,,,,,,,,,,,,,,,,,,,,,,,,,,,,,,,,,,,,,,,,,,,,,,,,,,,,,,,,,,,,,,,,,,,,,,,,,,,,,,,,,,,,,,,,,,,,,,,,,,,,,,,,,,,,,,,,,,,,,,,,,,,,,,,,,,,,,,,,,,,,,,,,,,,,,,,,,,,,,,,,,,,,,,,,,,,,,,,,,,,,,,,,,,,,,,,,,,,,,,,,,,,,,,,,,,,,,,,,,,,,,,,,,,,,,,,,,,,,,,,,,,,,,,,,,,,,,,,,,,,,,,,,,,,,,,,,,,,,,,,,,,,,,,,,,,,,,,,,,,,,,,,,,,,,,,,,,,,,,,,,,,,,,,,,,,,,,,,,,,,,,,,,,,,,,,,,,,,,,,,,,,,,,,,,,,,,,,,,,,,,,,,,,,,,,,,,,,,,,,,,,,,,,,,,,,,,,,,,,,,,,,,,,,,,,,,,,,,,,,,,,,,,,,,,,,,,,,,,,,,,,,,,,,,,,,,,,,,,,,,,,,,,,,,,,,,,,,,,,,,,,,,,,,,,,,,,,,,,,,,,,,,,,,,,,,,,,,,,,,,,,,,,,,,,,,,,,,,,,,,,,,,,,,,,,,,,,,,,,,,,,,,,,,,,,,,,,,,,,,,,,,,,,,,,,,,,,,,,,,,,,,,,,,,,,,,,,,,,,,,,,,,,,,,,,,,,,,,,,,,,,,,,,,,,,,,,,,,,,,,,,,,,,,,,,,,,,,,,,,,,,,,,,,,,,,,,,,,,,,,,,,,,,,,,,,,,
,,,,,,,,,,,,,,,,,,,,,,,,,,,,,,,,,,,,,,,,,,,,,,,,,,,,,,,,,,,,,,,,,,,,,,,,,,,,,,,,,,,,,,,,,,,,,,,,,,,,,,,,,,,,,,,,,,,,,,,,,,,,,,,,,,,,,,,,,,,,,,,,,,,,,,,,,,,,,,,,,,,,,,,,,,,,,,,,,,,,,,,,,,,,,,,,,,,,,,,,,,,,,,,,,,,,,,,,,,,,,,,,,,,,,,,,,,,,,,,,,,,,,,,,,,,,,,,,,,,,,,,,,,,,,,,,,,,,,,,,,,,,,,,,,,,,,,,,,,,,,,,,,,,,,,,,,,,,,,,,,,,,,,,,,,,,,,,,,,,,,,,,,,,,,,,,,,,,,,,,,,,,,,,,,,,,,,,,,,,,,,,,,,,,,,,,,,,,,,,,,,,,,,,,,,,,,,,,,,,,,,,,,,,,,,,,,,,,,,,,,,,,,,,,,,,,,,,,,,,,,,,,,,,,,,,,,,,,,,,,,,,,,,,,,,,,,,,,,,,,,,,,,,,,,,,,,,,,,,,,,,,,,,,,,,,,,,,,,,,,,,,,,,,,,,,,,,,,,,,,,,,,,,,,,,,,,,,,,,,,,,,,,,,,,,,,,,,,,,,,,,,,,,,,,,,,,,,,,,,,,,,,,,,,,,,,,,,,,,,,,,,,,,,,,,,,,,,,,,,,,,,,,,,,,,,,,,,,,,,,,,,,,,,,,,,,,,,,,,,,,,,,,,,,,,,,,,,,,,,,,,,,,,,,,,,,,,,,,,,,,,,,,,,,,,,,,,,,,,,,,,,,,,,,,,,,,,,,,,,,,,,,,,,,,,,,,,,,,,,,,,,,,,,,,,
,,,,,,,,,,,,,,,,,,,,,,,,,,,,,,,,,,,,,,,,,,,,,,,,,,,,,,,,,,,,,,,,,,,,,,,,,,,,,,,,,,,,,,,,,,,,,,,,,,,,,,,,,,,,,,,,,,,,,,,,,,,,,,,,,,,,,,,,,,,,,,,,,,,,,,,,,,,,,,,,,,,,,,,,,,,,,,,,,,,,,,,,,,,,,,,,,,,,,,,,,,,,,,,,,,,,,,,,,,,,,,,,,,,,,,,,,,,,,,,,,,,,,,,,,,,,,,,,,,,,,,,,,,,,,,,,,,,,,,,,,,,,,,,,,,,,,,,,,,,,,,,,,,,,,,,,,,,,,,,,,,,,,,,,,,,,,,,,,,,,,,,,,,,,,,,,,,,,,,,,,,,,,,,,,,,,,,,,,,,,,,,,,,,,,,,,,,,,,,,,,,,,,,,,,,,,,,,,,,,,,,,,,,,,,,,,,,,,,,,,,,,,,,,,,,,,,,,,,,,,,,,,,,,,,,,,,,,,,,,,,,,,,,,,,,,,,,,,,,,,,,,,,,,,,,,,,,,,,,,,,,,,,,,,,,,,,,,,,,,,,,,,,,,,,,,,,,,,,,,,,,,,,,,,,,,,,,,,,,,,,,,,,,,,,,,,,,,,,,,,,,,,,,,,,,,,,,,,,,,,,,,,,,,,,,,,,,,,,,,,,,,,,,,,,,,,,,,,,,,,,,,,,,,,,,,,,,,,,,,,,,,,,,,,,,,,,,,,,,,,,,,,,,,,,,,,,,,,,,,,,,,,,,,,,,,,,,,,,,,,,,,,,,,,,,,,,,,,,,,,,,,,,,,,,,,,,,,,,,,,,,,,,,,,,,,,,,,,,,,,,,,,,,,,,,
,,,,,,,,,,,,,,,,,,,,,,,,,,,,,,,,,,,,,,,,,,,,,,,,,,,,,,,,,,,,,,,,,,,,,,,,,,,,,,,,,,,,,,,,,,,,,,,,,,,,,,,,,,,,,,,,,,,,,,,,,,,,,,,,,,,,,,,,,,,,,,,,,,,,,,,,,,,,,,,,,,,,,,,,,,,,,,,,,,,,,,,,,,,,,,,,,,,,,,,,,,,,,,,,,,,,,,,,,,,,,,,,,,,,,,,,,,,,,,,,,,,,,,,,,,,,,,,,,,,,,,,,,,,,,,,,,,,,,,,,,,,,,,,,,,,,,,,,,,,,,,,,,,,,,,,,,,,,,,,,,,,,,,,,,,,,,,,,,,,,,,,,,,,,,,,,,,,,,,,,,,,,,,,,,,,,,,,,,,,,,,,,,,,,,,,,,,,,,,,,,,,,,,,,,,,,,,,,,,,,,,,,,,,,,,,,,,,,,,,,,,,,,,,,,,,,,,,,,,,,,,,,,,,,,,,,,,,,,,,,,,,,,,,,,,,,,,,,,,,,,,,,,,,,,,,,,,,,,,,,,,,,,,,,,,,,,,,,,,,,,,,,,,,,,,,,,,,,,,,,,,,,,,,,,,,,,,,,,,,,,,,,,,,,,,,,,,,,,,,,,,,,,,,,,,,,,,,,,,,,,,,,,,,,,,,,,,,,,,,,,,,,,,,,,,,,,,,,,,,,,,,,,,,,,,,,,,,,,,,,,,,,,,,,,,,,,,,,,,,,,,,,,,,,,,,,,,,,,,,,,,,,,,,,,,,,,,,,,,,,,,,,,,,,,,,,,,,,,,,,,,,,,,,,,,,,,,,,,,,,,,,,,,,,,,,,,,,,,,,,,,,,,,,,,,
,,,,,,,,,,,,,,,,,,,,,,,,,,,,,,,,,,,,,,,,,,,,,,,,,,,,,,,,,,,,,,,,,,,,,,,,,,,,,,,,,,,,,,,,,,,,,,,,,,,,,,,,,,,,,,,,,,,,,,,,,,,,,,,,,,,,,,,,,,,,,,,,,,,,,,,,,,,,,,,,,,,,,,,,,,,,,,,,,,,,,,,,,,,,,,,,,,,,,,,,,,,,,,,,,,,,,,,,,,,,,,,,,,,,,,,,,,,,,,,,,,,,,,,,,,,,,,,,,,,,,,,,,,,,,,,,,,,,,,,,,,,,,,,,,,,,,,,,,,,,,,,,,,,,,,,,,,,,,,,,,,,,,,,,,,,,,,,,,,,,,,,,,,,,,,,,,,,,,,,,,,,,,,,,,,,,,,,,,,,,,,,,,,,,,,,,,,,,,,,,,,,,,,,,,,,,,,,,,,,,,,,,,,,,,,,,,,,,,,,,,,,,,,,,,,,,,,,,,,,,,,,,,,,,,,,,,,,,,,,,,,,,,,,,,,,,,,,,,,,,,,,,,,,,,,,,,,,,,,,,,,,,,,,,,,,,,,,,,,,,,,,,,,,,,,,,,,,,,,,,,,,,,,,,,,,,,,,,,,,,,,,,,,,,,,,,,,,,,,,,,,,,,,,,,,,,,,,,,,,,,,,,,,,,,,,,,,,,,,,,,,,,,,,,,,,,,,,,,,,,,,,,,,,,,,,,,,,,,,,,,,,,,,,,,,,,,,,,,,,,,,,,,,,,,,,,,,,,,,,,,,,,,,,,,,,,,,,,,,,,,,,,,,,,,,,,,,,,,,,,,,,,,,,,,,,,,,,,,,,,,,,,,,,,,,,,,,,,,,,,,,,,,,,,,,
,,,,,,,,,,,,,,,,,,,,,,,,,,,,,,,,,,,,,,,,,,,,,,,,,,,,,,,,,,,,,,,,,,,,,,,,,,,,,,,,,,,,,,,,,,,,,,,,,,,,,,,,,,,,,,,,,,,,,,,,,,,,,,,,,,,,,,,,,,,,,,,,,,,,,,,,,,,,,,,,,,,,,,,,,,,,,,,,,,,,,,,,,,,,,,,,,,,,,,,,,,,,,,,,,,,,,,,,,,,,,,,,,,,,,,,,,,,,,,,,,,,,,,,,,,,,,,,,,,,,,,,,,,,,,,,,,,,,,,,,,,,,,,,,,,,,,,,,,,,,,,,,,,,,,,,,,,,,,,,,,,,,,,,,,,,,,,,,,,,,,,,,,,,,,,,,,,,,,,,,,,,,,,,,,,,,,,,,,,,,,,,,,,,,,,,,,,,,,,,,,,,,,,,,,,,,,,,,,,,,,,,,,,,,,,,,,,,,,,,,,,,,,,,,,,,,,,,,,,,,,,,,,,,,,,,,,,,,,,,,,,,,,,,,,,,,,,,,,,,,,,,,,,,,,,,,,,,,,,,,,,,,,,,,,,,,,,,,,,,,,,,,,,,,,,,,,,,,,,,,,,,,,,,,,,,,,,,,,,,,,,,,,,,,,,,,,,,,,,,,,,,,,,,,,,,,,,,,,,,,,,,,,,,,,,,,,,,,,,,,,,,,,,,,,,,,,,,,,,,,,,,,,,,,,,,,,,,,,,,,,,,,,,,,,,,,,,,,,,,,,,,,,,,,,,,,,,,,,,,,,,,,,,,,,,,,,,,,,,,,,,,,,,,,,,,,,,,,,,,,,,,,,,,,,,,,,,,,,,,,,,,,,,,,,,,,,,,,,,,,,,,,,,,,,,
,,,,,,,,,,,,,,,,,,,,,,,,,,,,,,,,,,,,,,,,,,,,,,,,,,,,,,,,,,,,,,,,,,,,,,,,,,,,,,,,,,,,,,,,,,,,,,,,,,,,,,,,,,,,,,,,,,,,,,,,,,,,,,,,,,,,,,,,,,,,,,,,,,,,,,,,,,,,,,,,,,,,,,,,,,,,,,,,,,,,,,,,,,,,,,,,,,,,,,,,,,,,,,,,,,,,,,,,,,,,,,,,,,,,,,,,,,,,,,,,,,,,,,,,,,,,,,,,,,,,,,,,,,,,,,,,,,,,,,,,,,,,,,,,,,,,,,,,,,,,,,,,,,,,,,,,,,,,,,,,,,,,,,,,,,,,,,,,,,,,,,,,,,,,,,,,,,,,,,,,,,,,,,,,,,,,,,,,,,,,,,,,,,,,,,,,,,,,,,,,,,,,,,,,,,,,,,,,,,,,,,,,,,,,,,,,,,,,,,,,,,,,,,,,,,,,,,,,,,,,,,,,,,,,,,,,,,,,,,,,,,,,,,,,,,,,,,,,,,,,,,,,,,,,,,,,,,,,,,,,,,,,,,,,,,,,,,,,,,,,,,,,,,,,,,,,,,,,,,,,,,,,,,,,,,,,,,,,,,,,,,,,,,,,,,,,,,,,,,,,,,,,,,,,,,,,,,,,,,,,,,,,,,,,,,,,,,,,,,,,,,,,,,,,,,,,,,,,,,,,,,,,,,,,,,,,,,,,,,,,,,,,,,,,,,,,,,,,,,,,,,,,,,,,,,,,,,,,,,,,,,,,,,,,,,,,,,,,,,,,,,,,,,,,,,,,,,,,,,,,,,,,,,,,,,,,,,,,,,,,,,,,,,,,,,,,,,,,,,,,,,,,,,,,,,
,,,,,,,,,,,,,,Size 1,Size 2,Size 3,Size 4,Size 5,,,,,,,,,,,,,,,,,,,,,,,,,,,,,,,,,,,,,,,,,,,,,,,,,,,,,,,,,,,,,,,,,,,,,,,,,,,,,,,,,,,,,,,,,,,,,,,,,,,,,,,,,,,,,,,,,,,,,,,,,,,,,,,,,,,,,,,,,,,,,,,,,,,,,,,,,,,,,,,,,,,,,,,,,,,,,,,,,,,,,,,,,,,,,,,,,,,,,,,,,,,,,,,,,,,,,,,,,,,,,,,,,,,,,,,,,,,,,,,,,,,,,,,,,,,,,,,,,,,,,,,,,,,,,,,,,,,,,,,,,,,,,,,,,,,,,,,,,,,,,,,,,,,,,,,,,,,,,,,,,,,,,,,,,,,,,,,,,,,,,,,,,,,,,,,,,,,,,,,,,,,,,,,,,,,,,,,,,,,,,,,,,,,,,,,,,,,,,,,,,,,,,,,,,,,,,,,,,,,,,,,,,,,,,,,,,,,,,,,,,,,,,,,,,,,,,,,,,,,,,,,,,,,,,,,,,,,,,,,,,,,,,,,,,,,,,,,,,,,,,,,,,,,,,,,,,,,,,,,,,,,,,,,,,,,,,,,,,,,,,,,,,,,,,,,,,,,,,,,,,,,,,,,,,,,,,,,,,,,,,,,,,,,,,,,,,,,,,,,,,,,,,,,,,,,,,,,,,,,,,,,,,,,,,,,,,,,,,,,,,,,,,,,,,,,,,,,,,,,,,,,,,,,,,,,,,,,,,,,,,,,,,,,,,,,,,,,,,,,,,,,,,,,,,,,,,,,,,,,,,,,,,,,,,,,,,,,,,,,,,,,,,,,,,,,,,,,,,,,,,,,,,,,,,,,,,,,,,,,,,,,,,,,,,,,,
,,,,,,,,,,,,,5,44.51%,36.51%,34.11%,4.94%,3.32%,,,,,,,,,,,,,,,,,,,,,,,,,,,,,,,,,,,,,,,,,,,,,,,,,,,,,,,,,,,,,,,,,,,,,,,,,,,,,,,,,,,,,,,,,,,,,,,,,,,,,,,,,,,,,,,,,,,,,,,,,,,,,,,,,,,,,,,,,,,,,,,,,,,,,,,,,,,,,,,,,,,,,,,,,,,,,,,,,,,,,,,,,,,,,,,,,,,,,,,,,,,,,,,,,,,,,,,,,,,,,,,,,,,,,,,,,,,,,,,,,,,,,,,,,,,,,,,,,,,,,,,,,,,,,,,,,,,,,,,,,,,,,,,,,,,,,,,,,,,,,,,,,,,,,,,,,,,,,,,,,,,,,,,,,,,,,,,,,,,,,,,,,,,,,,,,,,,,,,,,,,,,,,,,,,,,,,,,,,,,,,,,,,,,,,,,,,,,,,,,,,,,,,,,,,,,,,,,,,,,,,,,,,,,,,,,,,,,,,,,,,,,,,,,,,,,,,,,,,,,,,,,,,,,,,,,,,,,,,,,,,,,,,,,,,,,,,,,,,,,,,,,,,,,,,,,,,,,,,,,,,,,,,,,,,,,,,,,,,,,,,,,,,,,,,,,,,,,,,,,,,,,,,,,,,,,,,,,,,,,,,,,,,,,,,,,,,,,,,,,,,,,,,,,,,,,,,,,,,,,,,,,,,,,,,,,,,,,,,,,,,,,,,,,,,,,,,,,,,,,,,,,,,,,,,,,,,,,,,,,,,,,,,,,,,,,,,,,,,,,,,,,,,,,,,,,,,,,,,,,,,,,,,,,,,,,,,,,,,,,,,,,,,,,,,,,,,,,,,,,,,,,,,,,,,,,,,,,,,,,,,,,,,,,,,,,
,,,,,,,,,,,,,20,52.13%,47.20%,43.70%,26.85%,18.21%,,,,,,,,,,,,,,,,,,,,,,,,,,,,,,,,,,,,,,,,,,,,,,,,,,,,,,,,,,,,,,,,,,,,,,,,,,,,,,,,,,,,,,,,,,,,,,,,,,,,,,,,,,,,,,,,,,,,,,,,,,,,,,,,,,,,,,,,,,,,,,,,,,,,,,,,,,,,,,,,,,,,,,,,,,,,,,,,,,,,,,,,,,,,,,,,,,,,,,,,,,,,,,,,,,,,,,,,,,,,,,,,,,,,,,,,,,,,,,,,,,,,,,,,,,,,,,,,,,,,,,,,,,,,,,,,,,,,,,,,,,,,,,,,,,,,,,,,,,,,,,,,,,,,,,,,,,,,,,,,,,,,,,,,,,,,,,,,,,,,,,,,,,,,,,,,,,,,,,,,,,,,,,,,,,,,,,,,,,,,,,,,,,,,,,,,,,,,,,,,,,,,,,,,,,,,,,,,,,,,,,,,,,,,,,,,,,,,,,,,,,,,,,,,,,,,,,,,,,,,,,,,,,,,,,,,,,,,,,,,,,,,,,,,,,,,,,,,,,,,,,,,,,,,,,,,,,,,,,,,,,,,,,,,,,,,,,,,,,,,,,,,,,,,,,,,,,,,,,,,,,,,,,,,,,,,,,,,,,,,,,,,,,,,,,,,,,,,,,,,,,,,,,,,,,,,,,,,,,,,,,,,,,,,,,,,,,,,,,,,,,,,,,,,,,,,,,,,,,,,,,,,,,,,,,,,,,,,,,,,,,,,,,,,,,,,,,,,,,,,,,,,,,,,,,,,,,,,,,,,,,,,,,,,,,,,,,,,,,,,,,,,,,,,,,,,,,,,,,,,,,,,,,,,,,,,,,,,,,,,,,,,,,,,,,,,
,,,,,,,,,,,,,50,54.20%,51.28%,49.14%,41.57%,36.81%,,,,,,,,,,,,,,,,,,,,,,,,,,,,,,,,,,,,,,,,,,,,,,,,,,,,,,,,,,,,,,,,,,,,,,,,,,,,,,,,,,,,,,,,,,,,,,,,,,,,,,,,,,,,,,,,,,,,,,,,,,,,,,,,,,,,,,,,,,,,,,,,,,,,,,,,,,,,,,,,,,,,,,,,,,,,,,,,,,,,,,,,,,,,,,,,,,,,,,,,,,,,,,,,,,,,,,,,,,,,,,,,,,,,,,,,,,,,,,,,,,,,,,,,,,,,,,,,,,,,,,,,,,,,,,,,,,,,,,,,,,,,,,,,,,,,,,,,,,,,,,,,,,,,,,,,,,,,,,,,,,,,,,,,,,,,,,,,,,,,,,,,,,,,,,,,,,,,,,,,,,,,,,,,,,,,,,,,,,,,,,,,,,,,,,,,,,,,,,,,,,,,,,,,,,,,,,,,,,,,,,,,,,,,,,,,,,,,,,,,,,,,,,,,,,,,,,,,,,,,,,,,,,,,,,,,,,,,,,,,,,,,,,,,,,,,,,,,,,,,,,,,,,,,,,,,,,,,,,,,,,,,,,,,,,,,,,,,,,,,,,,,,,,,,,,,,,,,,,,,,,,,,,,,,,,,,,,,,,,,,,,,,,,,,,,,,,,,,,,,,,,,,,,,,,,,,,,,,,,,,,,,,,,,,,,,,,,,,,,,,,,,,,,,,,,,,,,,,,,,,,,,,,,,,,,,,,,,,,,,,,,,,,,,,,,,,,,,,,,,,,,,,,,,,,,,,,,,,,,,,,,,,,,,,,,,,,,,,,,,,,,,,,,,,,,,,,,,,,,,,,,,,,,,,,,,,,,,,,,,,,,,,,,,,,,,
,,,,,,,,,,,,,100,54.60%,53.30%,52.12%,46.63%,44.49%,,,,,,,,,,,,,,,,,,,,,,,,,,,,,,,,,,,,,,,,,,,,,,,,,,,,,,,,,,,,,,,,,,,,,,,,,,,,,,,,,,,,,,,,,,,,,,,,,,,,,,,,,,,,,,,,,,,,,,,,,,,,,,,,,,,,,,,,,,,,,,,,,,,,,,,,,,,,,,,,,,,,,,,,,,,,,,,,,,,,,,,,,,,,,,,,,,,,,,,,,,,,,,,,,,,,,,,,,,,,,,,,,,,,,,,,,,,,,,,,,,,,,,,,,,,,,,,,,,,,,,,,,,,,,,,,,,,,,,,,,,,,,,,,,,,,,,,,,,,,,,,,,,,,,,,,,,,,,,,,,,,,,,,,,,,,,,,,,,,,,,,,,,,,,,,,,,,,,,,,,,,,,,,,,,,,,,,,,,,,,,,,,,,,,,,,,,,,,,,,,,,,,,,,,,,,,,,,,,,,,,,,,,,,,,,,,,,,,,,,,,,,,,,,,,,,,,,,,,,,,,,,,,,,,,,,,,,,,,,,,,,,,,,,,,,,,,,,,,,,,,,,,,,,,,,,,,,,,,,,,,,,,,,,,,,,,,,,,,,,,,,,,,,,,,,,,,,,,,,,,,,,,,,,,,,,,,,,,,,,,,,,,,,,,,,,,,,,,,,,,,,,,,,,,,,,,,,,,,,,,,,,,,,,,,,,,,,,,,,,,,,,,,,,,,,,,,,,,,,,,,,,,,,,,,,,,,,,,,,,,,,,,,,,,,,,,,,,,,,,,,,,,,,,,,,,,,,,,,,,,,,,,,,,,,,,,,,,,,,,,,,,,,,,,,,,,,,,,,,,,,,,,,,,,,,,,,,,,,,,,,,,,,,,,,,,
,,,,,,,,,,,,,500,55.25%,54.37%,53.99%,50.61%,50.49%,,,,,,,,,,,,,,,,,,,,,,,,,,,,,,,,,,,,,,,,,,,,,,,,,,,,,,,,,,,,,,,,,,,,,,,,,,,,,,,,,,,,,,,,,,,,,,,,,,,,,,,,,,,,,,,,,,,,,,,,,,,,,,,,,,,,,,,,,,,,,,,,,,,,,,,,,,,,,,,,,,,,,,,,,,,,,,,,,,,,,,,,,,,,,,,,,,,,,,,,,,,,,,,,,,,,,,,,,,,,,,,,,,,,,,,,,,,,,,,,,,,,,,,,,,,,,,,,,,,,,,,,,,,,,,,,,,,,,,,,,,,,,,,,,,,,,,,,,,,,,,,,,,,,,,,,,,,,,,,,,,,,,,,,,,,,,,,,,,,,,,,,,,,,,,,,,,,,,,,,,,,,,,,,,,,,,,,,,,,,,,,,,,,,,,,,,,,,,,,,,,,,,,,,,,,,,,,,,,,,,,,,,,,,,,,,,,,,,,,,,,,,,,,,,,,,,,,,,,,,,,,,,,,,,,,,,,,,,,,,,,,,,,,,,,,,,,,,,,,,,,,,,,,,,,,,,,,,,,,,,,,,,,,,,,,,,,,,,,,,,,,,,,,,,,,,,,,,,,,,,,,,,,,,,,,,,,,,,,,,,,,,,,,,,,,,,,,,,,,,,,,,,,,,,,,,,,,,,,,,,,,,,,,,,,,,,,,,,,,,,,,,,,,,,,,,,,,,,,,,,,,,,,,,,,,,,,,,,,,,,,,,,,,,,,,,,,,,,,,,,,,,,,,,,,,,,,,,,,,,,,,,,,,,,,,,,,,,,,,,,,,,,,,,,,,,,,,,,,,,,,,,,,,,,,,,,,,,,,,,,,,,,,,,,,,,
